article_id,outlet,date,event_month,lga,is_service_failure,article_type,problem_types,blamed,blame_source,psp_named,place_names,duplicate_ids,url,title
nannews-4659,nannews,2021-02-14,2021-02,unspecified,no,policy_or_investment,dumpsite_access,none_stated,none,no,,,https://nannews.ng/uk-envoy-assures-of-more-fdi-flow-into-lagos/,UK envoy assures of more FDI flow into Lagos
businessday-543495,businessday,2021-05-07,,Alimosho,no,opinion,dumpsite_access,none_stated,none,no,Olusosun;Solous;Igando,,https://businessday.ng/opinion/article/appraising-sanwo-olus-environmental-regeneration-strides/,Appraising Sanwo-Olu’s environmental regeneration strides
businessday-543495,businessday,2021-05-07,,Ikeja,no,opinion,dumpsite_access,none_stated,none,no,Olusosun;Solous;Igando,,https://businessday.ng/opinion/article/appraising-sanwo-olus-environmental-regeneration-strides/,Appraising Sanwo-Olu’s environmental regeneration strides
businessday-562942,businessday,2021-08-05,2021-08,Lagos-wide,no,policy_or_investment,operator_capacity,none_stated,none,no,,,https://businessday.ng/news/article/lagos-to-transform-3-dumpsites-with-n3bn-investment/,Lagos to transform 3 dumpsites with N3bn investment
businessday-565943,businessday,2021-08-18,,Lagos-wide,no,policy_or_investment,none,none_stated,none,no,,,https://businessday.ng/companies/article/fcmb-offers-n3bn-credit-line-to-waste-managers-in-lagos/,FCMB offers N3bn credit line to waste managers in Lagos
businessday-594864,businessday,2021-11-26,,Ojo,no,official_statement,market_waste;illegal_dumping,traders,official,no,Iba,,https://businessday.ng/news/article/sanwo-olus-wife-others-task-market-leaders-on-sanitation-security/,"Sanwo-Olu’s wife, others task market leaders on sanitation, security"
businessday-609792,businessday,2022-01-24,2022-01,Eti-Osa,no,enforcement,illegal_dumping,traders,official,no,Lekki-Epe Expressway;First Roundabout;Jakande;Freedom Way,,https://businessday.ng/news/article/lawma-rids-lekki-corridor-of-wastes-warns-street-traders/,"LAWMA rids Lekki corridor of wastes, warns street traders"
businessday-616211,businessday,2022-02-16,2022-02,Alimosho,no,official_statement,other,none_stated,none,no,Solous dumpsite;Igando,,https://businessday.ng/news/article/lawma-intensifies-fumigation-of-landfills-in-lagos/,LAWMA intensifies fumigation of landfills in Lagos
businessday-618505,businessday,2022-02-23,,Lagos-wide,yes,opinion,missed_collection;waste_pileup,psp_operators;state_government,mixed,no,,,https://businessday.ng/news/article/how-strategic-waste-recycling-can-promote-green-lagos/,How strategic waste recycling can promote green Lagos
businessday-628281,businessday,2022-03-23,,Lagos-wide,no,policy_or_investment,none,none_stated,none,no,,,https://businessday.ng/energy/article/lagos-sets-pace-in-turning-trash-to-treasure/,Lagos sets pace in turning trash to treasure
businessday-639759,businessday,2022-04-30,2022-04,Lagos-wide,no,official_statement,illegal_dumping,residents,official,no,,,https://businessday.ng/news/article/eid-el-fitr-lawma-tasks-lagosians-on-environmental-sustainability/,Eid-el-Fitr: LAWMA tasks Lagosians on environmental sustainability
businessday-645653,businessday,2022-05-23,2022-05,Lagos-wide,no,enforcement,illegal_dumping,cart_pushers,official,no,,,https://businessday.ng/news/article/refuse-lawma-goes-after-cart-pushers/,Refuse: LAWMA goes after cart pushers
businessday-667884,businessday,2022-08-12,,Lagos-wide,no,official_statement,waste_pileup;dumpsite_access;operator_capacity;illegal_dumping,residents;cart_pushers,official,no,,,https://businessday.ng/news/article/lawma-boss-points-way-forward-for-waste-management-in-lagos/,LAWMA boss points way forward for waste management in Lagos
businessday-668352,businessday,2022-08-15,,Lagos-wide,no,policy_or_investment,operator_capacity;illegal_dumping,residents;cart_pushers,official,no,,,https://businessday.ng/news/article/lawma-mulls-50-increase-in-waste-collection-bill-on-diesel-price-hike/,LAWMA mulls 50% increase in waste collection bill on diesel price hike
businessday-672449,businessday,2022-09-01,,Lagos-wide,no,official_statement,waste_pileup;illegal_dumping,residents,official,no,,,https://businessday.ng/news/article/lawma-urges-residents-to-pay-waste-bills-for-cleaner-livable-environment/,"LAWMA urges residents to pay waste bills for cleaner, livable environment"
businessday-675318,businessday,2022-09-14,,Amuwo-Odofin,yes,service_failure_report,operator_capacity;fees_or_billing;missed_collection;waste_pileup;illegal_dumping;dumpsite_access,residents,resident,no,Olusosun;Majidun;Ogolonto;Festac extension,,https://businessday.ng/business-economy/article/diesel-price-threatens-waste-disposal-operations-in-lagos/,Diesel price threatens waste disposal operations in Lagos
businessday-675318,businessday,2022-09-14,,Ikeja,yes,service_failure_report,operator_capacity;fees_or_billing;missed_collection;waste_pileup;illegal_dumping;dumpsite_access,residents,resident,no,Olusosun;Majidun;Ogolonto;Festac extension,,https://businessday.ng/business-economy/article/diesel-price-threatens-waste-disposal-operations-in-lagos/,Diesel price threatens waste disposal operations in Lagos
businessday-675318,businessday,2022-09-14,,Ikorodu,yes,service_failure_report,operator_capacity;fees_or_billing;missed_collection;waste_pileup;illegal_dumping;dumpsite_access,residents,resident,no,Olusosun;Majidun;Ogolonto;Festac extension,,https://businessday.ng/business-economy/article/diesel-price-threatens-waste-disposal-operations-in-lagos/,Diesel price threatens waste disposal operations in Lagos
businessday-676384,businessday,2022-09-19,2022-09,Ikeja,no,enforcement,market_waste;illegal_dumping;fees_or_billing,traders;residents,official,no,Ladipo market;Oyingbo market;Lekki,,https://businessday.ng/news/article/lawma-to-shut-down-ladipo-oyingbo-markets-for-indiscriminate-waste-dumping/,"LAWMA to shut down Ladipo, Oyingbo markets for indiscriminate waste dumping"
businessday-676384,businessday,2022-09-19,2022-09,Lagos Mainland,no,enforcement,market_waste;illegal_dumping;fees_or_billing,traders;residents,official,no,Ladipo market;Oyingbo market;Lekki,,https://businessday.ng/news/article/lawma-to-shut-down-ladipo-oyingbo-markets-for-indiscriminate-waste-dumping/,"LAWMA to shut down Ladipo, Oyingbo markets for indiscriminate waste dumping"
businessday-676384,businessday,2022-09-19,2022-09,Mushin,no,enforcement,market_waste;illegal_dumping;fees_or_billing,traders;residents,official,no,Ladipo market;Oyingbo market;Lekki,,https://businessday.ng/news/article/lawma-to-shut-down-ladipo-oyingbo-markets-for-indiscriminate-waste-dumping/,"LAWMA to shut down Ladipo, Oyingbo markets for indiscriminate waste dumping"
businessday-684847,businessday,2022-10-21,,Lagos-wide,no,official_statement,illegal_dumping,residents,official,no,,,https://businessday.ng/news/article/lawma-md-urges-residents-to-join-fight-against-marine-waste-pollution/,LAWMA MD urges residents to join fight against marine waste pollution
businessday-686061,businessday,2022-10-27,,Ajeromi-Ifelodun,yes,service_failure_report,fees_or_billing;illegal_dumping;waste_pileup;operator_capacity;missed_collection,residents;cart_pushers,mixed,no,Ilaje Bariga;Orile;Ogolonto;Sari Iganmu;Ajegunle;Boundary canal,,https://businessday.ng/news/article/high-cost-of-living-threatens-psp-operations-in-lagos/,High cost of living threatens PSP operations in Lagos
businessday-686061,businessday,2022-10-27,,Ikorodu,yes,service_failure_report,fees_or_billing;illegal_dumping;waste_pileup;operator_capacity;missed_collection,residents;cart_pushers,mixed,no,Ilaje Bariga;Orile;Ogolonto;Sari Iganmu;Ajegunle;Boundary canal,,https://businessday.ng/news/article/high-cost-of-living-threatens-psp-operations-in-lagos/,High cost of living threatens PSP operations in Lagos
businessday-686061,businessday,2022-10-27,,Shomolu,yes,service_failure_report,fees_or_billing;illegal_dumping;waste_pileup;operator_capacity;missed_collection,residents;cart_pushers,mixed,no,Ilaje Bariga;Orile;Ogolonto;Sari Iganmu;Ajegunle;Boundary canal,,https://businessday.ng/news/article/high-cost-of-living-threatens-psp-operations-in-lagos/,High cost of living threatens PSP operations in Lagos
businessday-705208,businessday,2023-02-01,2023-01,Ikeja,yes,service_failure_report,waste_pileup,other,mixed,yes,Murtala Muhammed International Airport;General Aviation Terminal junction,,https://businessday.ng/aviation/article/lagos-airport-risks-bird-strikes-air-pollution-as-refuse-piles/,"Lagos airport risks bird strikes, air pollution as refuse piles"
businessday-714359,businessday,2023-03-12,,Lagos-wide,no,policy_or_investment,operator_capacity,none_stated,none,no,,,https://businessday.ng/news/article/sanwo-olu-to-aid-psps-recapitalise-empower-waste-recyclers/,"Sanwo-Olu to aid PSPs recapitalise, empower waste recyclers"
businessday-726567,businessday,2023-05-03,,Ajeromi-Ifelodun,yes,service_failure_report,fees_or_billing;missed_collection;operator_capacity;illegal_dumping;dumpsite_access,residents;traders;other,mixed,yes,Ogolonto;Ile-Iwe;Ikotun;Ajegunle;Sari Iganmu,,https://businessday.ng/business-economy/article/households-waste-bill-rises-50-as-cost-of-living-bites/,Households waste bill rises 50% as cost of living bites
businessday-726567,businessday,2023-05-03,,Alimosho,yes,service_failure_report,fees_or_billing;missed_collection;operator_capacity;illegal_dumping;dumpsite_access,residents;traders;other,mixed,yes,Ogolonto;Ile-Iwe;Ikotun;Ajegunle;Sari Iganmu,,https://businessday.ng/business-economy/article/households-waste-bill-rises-50-as-cost-of-living-bites/,Households waste bill rises 50% as cost of living bites
businessday-726567,businessday,2023-05-03,,Ikorodu,yes,service_failure_report,fees_or_billing;missed_collection;operator_capacity;illegal_dumping;dumpsite_access,residents;traders;other,mixed,yes,Ogolonto;Ile-Iwe;Ikotun;Ajegunle;Sari Iganmu,,https://businessday.ng/business-economy/article/households-waste-bill-rises-50-as-cost-of-living-bites/,Households waste bill rises 50% as cost of living bites
nannews-14328,nannews,2023-09-07,2023-09,Ikeja,no,other,other,none_stated,none,no,Olusosun dumpsite,,https://nannews.ng/female-engineers-seek-take-over-of-lagos-olusosun-dumpsite/,Female engineers seek take over of Lagos Olusosun dumpsite
businessday-766633,businessday,2023-09-28,2023-09,Ajeromi-Ifelodun,no,enforcement,market_waste;illegal_dumping,traders,official,no,Oyingbo market;Alayabiagba market;Ladipo market;Ejigbo market;Amukoko;Tejuosho market;Idi-Araba,,https://businessday.ng/companies/article/traders-revenue-suffers-as-lawma-seals-oyingbo-alayabiagba-markets/,"Traders’ revenue suffers as LAWMA seals Oyingbo, Alayabiagba markets"
businessday-766633,businessday,2023-09-28,2023-09,Lagos Mainland,no,enforcement,market_waste;illegal_dumping,traders,official,no,Oyingbo market;Alayabiagba market;Ladipo market;Ejigbo market;Amukoko;Tejuosho market;Idi-Araba,,https://businessday.ng/companies/article/traders-revenue-suffers-as-lawma-seals-oyingbo-alayabiagba-markets/,"Traders’ revenue suffers as LAWMA seals Oyingbo, Alayabiagba markets"
businessday-766633,businessday,2023-09-28,2023-09,Mushin,no,enforcement,market_waste;illegal_dumping,traders,official,no,Oyingbo market;Alayabiagba market;Ladipo market;Ejigbo market;Amukoko;Tejuosho market;Idi-Araba,,https://businessday.ng/companies/article/traders-revenue-suffers-as-lawma-seals-oyingbo-alayabiagba-markets/,"Traders’ revenue suffers as LAWMA seals Oyingbo, Alayabiagba markets"
businessday-766633,businessday,2023-09-28,2023-09,Oshodi-Isolo,no,enforcement,market_waste;illegal_dumping,traders,official,no,Oyingbo market;Alayabiagba market;Ladipo market;Ejigbo market;Amukoko;Tejuosho market;Idi-Araba,,https://businessday.ng/companies/article/traders-revenue-suffers-as-lawma-seals-oyingbo-alayabiagba-markets/,"Traders’ revenue suffers as LAWMA seals Oyingbo, Alayabiagba markets"
businessday-768036,businessday,2023-10-03,,Lagos Mainland,no,enforcement,market_waste;illegal_dumping,traders,official,no,Alamutu Ologede market;Yaba railway corridor,,https://businessday.ng/news/article/lawma-seals-alamutu-in-crackdown-on-poor-sanitary-conditions-in-markets/,LAWMA seals Alamutu in crackdown on poor sanitary conditions in markets
businessday-768036,businessday,2023-10-03,,Mushin,no,enforcement,market_waste;illegal_dumping,traders,official,no,Alamutu Ologede market;Yaba railway corridor,,https://businessday.ng/news/article/lawma-seals-alamutu-in-crackdown-on-poor-sanitary-conditions-in-markets/,LAWMA seals Alamutu in crackdown on poor sanitary conditions in markets
businessday-769894,businessday,2023-10-09,2023-10,Alimosho,no,enforcement,market_waste;illegal_dumping;fees_or_billing,traders,official,no,Ladipo market;Oyingbo market;Alamutu Ologede market;Ile-Epo Oke Odo market,businessday-769910,https://businessday.ng/uncategorized/article/769894-lagos/,Lagos markets reopened after cleaning up their act
businessday-769894,businessday,2023-10-09,2023-10,Lagos Mainland,no,enforcement,market_waste;illegal_dumping;fees_or_billing,traders,official,no,Ladipo market;Oyingbo market;Alamutu Ologede market;Ile-Epo Oke Odo market,businessday-769910,https://businessday.ng/uncategorized/article/769894-lagos/,Lagos markets reopened after cleaning up their act
businessday-769894,businessday,2023-10-09,2023-10,Mushin,no,enforcement,market_waste;illegal_dumping;fees_or_billing,traders,official,no,Ladipo market;Oyingbo market;Alamutu Ologede market;Ile-Epo Oke Odo market,businessday-769910,https://businessday.ng/uncategorized/article/769894-lagos/,Lagos markets reopened after cleaning up their act
businessday-814008,businessday,2024-02-26,2024-02,Lagos-wide,no,policy_or_investment,none,none_stated,none,no,,businessday-814218,https://businessday.ng/news/article/lasg-jospong-sign-mou-on-waste-management/,"LASG, Jospong sign MoU on waste management"
nannews-257682,nannews,2024-05-18,,Eti-Osa,yes,other,missed_collection,none_stated,none,no,Olomu;Ajah,,https://nannews.ng/upcycling-waste-spurs-art-farming-among-lagos-students/,"Upcycling waste spurs art, farming among Lagos students"
businessday-853612,businessday,2024-06-20,,Lagos-wide,no,official_statement,illegal_dumping,residents,official,no,,,https://businessday.ng/news/article/cholera-lawma-tasks-residents-on-personal-domestic-hygiene/,"Cholera: LAWMA tasks residents on personal, domestic hygiene"
businessday-896517,businessday,2024-10-19,,Lagos-wide,no,policy_or_investment,operator_capacity,none_stated,none,no,,,https://businessday.ng/news/article/lawma-unveils-plans-for-strategic-waste-management-in-lagos/,LAWMA unveils plans for strategic waste management in Lagos
businessday-899274,businessday,2024-10-27,,Agege,yes,service_failure_report,waste_pileup;missed_collection;illegal_dumping;fees_or_billing;road_access,lawma;psp_operators;residents,mixed,yes,Agege;Iju;Abule Egba,,https://businessday.ng/life/article/has-lawma-gone-to-sleep/,Has LAWMA gone to sleep?
businessday-899274,businessday,2024-10-27,,Ajeromi-Ifelodun,yes,service_failure_report,waste_pileup;missed_collection;illegal_dumping;fees_or_billing;road_access,lawma;psp_operators;residents,mixed,yes,Agege;Iju;Abule Egba,,https://businessday.ng/life/article/has-lawma-gone-to-sleep/,Has LAWMA gone to sleep?
businessday-899274,businessday,2024-10-27,,Lagos-wide,yes,service_failure_report,waste_pileup;missed_collection;illegal_dumping;fees_or_billing;road_access,lawma;psp_operators;residents,mixed,yes,Agege;Iju;Abule Egba,,https://businessday.ng/life/article/has-lawma-gone-to-sleep/,Has LAWMA gone to sleep?
businessday-911706,businessday,2024-11-29,,Lagos-wide,no,official_statement,illegal_dumping;blocked_drains,residents,official,no,,,https://businessday.ng/news/article/lagos-environment-commissioner-tasks-lagosians-on-cleanliness/,Lagos environment commissioner tasks Lagosians on cleanliness
businessday-919886,businessday,2024-12-23,2024-12,Lagos-wide,no,official_statement,none,none_stated,none,no,,,https://businessday.ng/news/article/festivities-lawma-warns-against-improper-waste-disposal/,Festivities: LAWMA warns against improper waste disposal
businessday-934534,businessday,2025-02-04,,Agege,no,enforcement,illegal_dumping;waste_pileup,cart_pushers,official,no,Dopemu;Agege;Ojodu Berger;Lekki-Epe Expressway;Circle Mall,,https://businessday.ng/news/article/lawma-intensifies-enforcement-to-curb-indiscriminate-waste-disposal-in-lagos/,LAWMA intensifies enforcement to curb indiscriminate waste disposal in Lagos
businessday-934534,businessday,2025-02-04,,Eti-Osa,no,enforcement,illegal_dumping;waste_pileup,cart_pushers,official,no,Dopemu;Agege;Ojodu Berger;Lekki-Epe Expressway;Circle Mall,,https://businessday.ng/news/article/lawma-intensifies-enforcement-to-curb-indiscriminate-waste-disposal-in-lagos/,LAWMA intensifies enforcement to curb indiscriminate waste disposal in Lagos
businessday-934534,businessday,2025-02-04,,Ifako-Ijaiye,no,enforcement,illegal_dumping;waste_pileup,cart_pushers,official,no,Dopemu;Agege;Ojodu Berger;Lekki-Epe Expressway;Circle Mall,,https://businessday.ng/news/article/lawma-intensifies-enforcement-to-curb-indiscriminate-waste-disposal-in-lagos/,LAWMA intensifies enforcement to curb indiscriminate waste disposal in Lagos
businessday-934534,businessday,2025-02-04,,Ikeja,no,enforcement,illegal_dumping;waste_pileup,cart_pushers,official,no,Dopemu;Agege;Ojodu Berger;Lekki-Epe Expressway;Circle Mall,,https://businessday.ng/news/article/lawma-intensifies-enforcement-to-curb-indiscriminate-waste-disposal-in-lagos/,LAWMA intensifies enforcement to curb indiscriminate waste disposal in Lagos
nannews-274214,nannews,2025-02-24,2025-02,Lagos-wide,no,policy_or_investment,none,none_stated,none,no,,,https://nannews.ng/lawma-to-upgrade-waste-management-with-100-cng-compactors/,LAWMA to upgrade waste management with 100 CNG compactors
businessday-950787,businessday,2025-03-16,,Amuwo-Odofin,no,other,other,psp_operators,mixed,yes,Oriade;Isolo;Oke-Afa;Ikoyi Club,,https://businessday.ng/life/article/lagosians-worry-over-psp-operators-disregard-for-basic-hygiene/,Lagosians worry over PSP operators’ disregard for basic hygiene
businessday-950787,businessday,2025-03-16,,Eti-Osa,no,other,other,psp_operators,mixed,yes,Oriade;Isolo;Oke-Afa;Ikoyi Club,,https://businessday.ng/life/article/lagosians-worry-over-psp-operators-disregard-for-basic-hygiene/,Lagosians worry over PSP operators’ disregard for basic hygiene
businessday-950787,businessday,2025-03-16,,Oshodi-Isolo,no,other,other,psp_operators,mixed,yes,Oriade;Isolo;Oke-Afa;Ikoyi Club,,https://businessday.ng/life/article/lagosians-worry-over-psp-operators-disregard-for-basic-hygiene/,Lagosians worry over PSP operators’ disregard for basic hygiene
nannews-276190,nannews,2025-03-23,,Ibeju-Lekki,no,official_statement,none,none_stated,none,no,,,https://nannews.ng/lagos-evolving-not-smelling-commissioner/,"Lagos evolving, not smelling — Commissioner"
nannews-276190,nannews,2025-03-23,,Lagos-wide,no,official_statement,none,none_stated,none,no,,,https://nannews.ng/lagos-evolving-not-smelling-commissioner/,"Lagos evolving, not smelling — Commissioner"
nannews-276842,nannews,2025-03-31,,Badagry,no,policy_or_investment,none,none_stated,none,no,Olusosun;Epe landfill,,https://nannews.ng/waste-management-lagos-to-establish-material-recovery-facility-at-badagry/,Waste management: Lagos to establish material recovery facility at Badagry
nannews-276842,nannews,2025-03-31,,Epe,no,policy_or_investment,none,none_stated,none,no,Olusosun;Epe landfill,,https://nannews.ng/waste-management-lagos-to-establish-material-recovery-facility-at-badagry/,Waste management: Lagos to establish material recovery facility at Badagry
nannews-276842,nannews,2025-03-31,,Ikeja,no,policy_or_investment,none,none_stated,none,no,Olusosun;Epe landfill,,https://nannews.ng/waste-management-lagos-to-establish-material-recovery-facility-at-badagry/,Waste management: Lagos to establish material recovery facility at Badagry
businessday-966535,businessday,2025-04-22,2025-02,Alimosho,no,enforcement,illegal_dumping,residents,official,no,Egbeda-Akowonjo Road;Shasha Road;Abati Primary School;Micom Bus Stop,,https://businessday.ng/uncategorized/article/lawma-arrests-300-for-waste-disposal-offence/,LAWMA arrests 300 for waste disposal offence
businessday-966535,businessday,2025-04-22,2025-02,Lagos-wide,no,enforcement,illegal_dumping,residents,official,no,Egbeda-Akowonjo Road;Shasha Road;Abati Primary School;Micom Bus Stop,,https://businessday.ng/uncategorized/article/lawma-arrests-300-for-waste-disposal-offence/,LAWMA arrests 300 for waste disposal offence
businessday-979455,businessday,2025-05-27,2025-05,Alimosho,no,opinion,illegal_dumping;blocked_drains,residents,journalist,no,Obalende Bridge;Mushin;Alapere link bridge;Pako Bus Stop;Mosan Okunola Road,,https://businessday.ng/opinion/article/lagoss-smell-isnt-the-waste-its-your-mindset/,Lagos’s smell isn’t the waste; it’s your mindset
businessday-979455,businessday,2025-05-27,2025-05,Kosofe,no,opinion,illegal_dumping;blocked_drains,residents,journalist,no,Obalende Bridge;Mushin;Alapere link bridge;Pako Bus Stop;Mosan Okunola Road,,https://businessday.ng/opinion/article/lagoss-smell-isnt-the-waste-its-your-mindset/,Lagos’s smell isn’t the waste; it’s your mindset
businessday-979455,businessday,2025-05-27,2025-05,Mushin,no,opinion,illegal_dumping;blocked_drains,residents,journalist,no,Obalende Bridge;Mushin;Alapere link bridge;Pako Bus Stop;Mosan Okunola Road,,https://businessday.ng/opinion/article/lagoss-smell-isnt-the-waste-its-your-mindset/,Lagos’s smell isn’t the waste; it’s your mindset
businessday-979741,businessday,2025-05-27,2025-05,Alimosho,no,policy_or_investment,none,none_stated,none,no,Olusosun;Solous III;Igando,,https://businessday.ng/news/article/lagos-to-shut-down-olusosun-igando-dumpsites-in-major-waste-reform-deal/,"Lagos to shut down Olusosun, Igando dumpsites in major waste reform deal"
businessday-979741,businessday,2025-05-27,2025-05,Badagry,no,policy_or_investment,none,none_stated,none,no,Olusosun;Solous III;Igando,,https://businessday.ng/news/article/lagos-to-shut-down-olusosun-igando-dumpsites-in-major-waste-reform-deal/,"Lagos to shut down Olusosun, Igando dumpsites in major waste reform deal"
businessday-979741,businessday,2025-05-27,2025-05,Ikeja,no,policy_or_investment,none,none_stated,none,no,Olusosun;Solous III;Igando,,https://businessday.ng/news/article/lagos-to-shut-down-olusosun-igando-dumpsites-in-major-waste-reform-deal/,"Lagos to shut down Olusosun, Igando dumpsites in major waste reform deal"
businessday-979741,businessday,2025-05-27,2025-05,Ikorodu,no,policy_or_investment,none,none_stated,none,no,Olusosun;Solous III;Igando,,https://businessday.ng/news/article/lagos-to-shut-down-olusosun-igando-dumpsites-in-major-waste-reform-deal/,"Lagos to shut down Olusosun, Igando dumpsites in major waste reform deal"
businessday-979961,businessday,2025-05-27,2025-05,Lagos-wide,no,policy_or_investment,none,none_stated,none,no,,,https://businessday.ng/news/article/lagos-partners-ghana-on-waste-reform/,Lagos partners Ghana on waste reform
nannews-302421,nannews,2025-12-03,2025-12,Lagos-wide,no,official_statement,operator_capacity;illegal_dumping,psp_operators;residents,official,no,,,https://nannews.ng/waste-management-lagos-to-acquire-500-tricycle-compactors/,Waste management: Lagos to acquire 500 tricycle compactors
businessday-1057466,businessday,2025-12-06,,Ibeju-Lekki,yes,policy_or_investment,operator_capacity;missed_collection;road_access;illegal_dumping,psp_operators;residents,official,no,Ibeju Lekki,,https://businessday.ng/news/article/lagos-to-acquire-100-new-cng-compactor-trucks-in-fresh-push-for-cleaner-city/,Lagos to acquire 100 new CNG compactor trucks in fresh push for cleaner city
businessday-1057466,businessday,2025-12-06,,Lagos-wide,yes,policy_or_investment,operator_capacity;missed_collection;road_access;illegal_dumping,psp_operators;residents,official,no,Ibeju Lekki,,https://businessday.ng/news/article/lagos-to-acquire-100-new-cng-compactor-trucks-in-fresh-push-for-cleaner-city/,Lagos to acquire 100 new CNG compactor trucks in fresh push for cleaner city
businessday-1070597,businessday,2026-01-01,2025-12,Agege,yes,service_failure_report,waste_pileup;illegal_dumping;missed_collection;blocked_drains;fees_or_billing;operator_capacity,residents;psp_operators;cart_pushers;state_government,mixed,no,Ejigbo;Ikotun,,https://businessday.ng/life/article/how-lagosians-wrong-waste-disposal-habit-overburdens-lawma/,How Lagosians’ wrong waste disposal habit overburdens LAWMA
businessday-1070597,businessday,2026-01-01,2025-12,Ajeromi-Ifelodun,yes,service_failure_report,waste_pileup;illegal_dumping;missed_collection;blocked_drains;fees_or_billing;operator_capacity,residents;psp_operators;cart_pushers;state_government,mixed,no,Ejigbo;Ikotun,,https://businessday.ng/life/article/how-lagosians-wrong-waste-disposal-habit-overburdens-lawma/,How Lagosians’ wrong waste disposal habit overburdens LAWMA
businessday-1070597,businessday,2026-01-01,2025-12,Alimosho,yes,service_failure_report,waste_pileup;illegal_dumping;missed_collection;blocked_drains;fees_or_billing;operator_capacity,residents;psp_operators;cart_pushers;state_government,mixed,no,Ejigbo;Ikotun,,https://businessday.ng/life/article/how-lagosians-wrong-waste-disposal-habit-overburdens-lawma/,How Lagosians’ wrong waste disposal habit overburdens LAWMA
businessday-1070597,businessday,2026-01-01,2025-12,Amuwo-Odofin,yes,service_failure_report,waste_pileup;illegal_dumping;missed_collection;blocked_drains;fees_or_billing;operator_capacity,residents;psp_operators;cart_pushers;state_government,mixed,no,Ejigbo;Ikotun,,https://businessday.ng/life/article/how-lagosians-wrong-waste-disposal-habit-overburdens-lawma/,How Lagosians’ wrong waste disposal habit overburdens LAWMA
businessday-1070597,businessday,2026-01-01,2025-12,Ikorodu,yes,service_failure_report,waste_pileup;illegal_dumping;missed_collection;blocked_drains;fees_or_billing;operator_capacity,residents;psp_operators;cart_pushers;state_government,mixed,no,Ejigbo;Ikotun,,https://businessday.ng/life/article/how-lagosians-wrong-waste-disposal-habit-overburdens-lawma/,How Lagosians’ wrong waste disposal habit overburdens LAWMA
businessday-1070597,businessday,2026-01-01,2025-12,Kosofe,yes,service_failure_report,waste_pileup;illegal_dumping;missed_collection;blocked_drains;fees_or_billing;operator_capacity,residents;psp_operators;cart_pushers;state_government,mixed,no,Ejigbo;Ikotun,,https://businessday.ng/life/article/how-lagosians-wrong-waste-disposal-habit-overburdens-lawma/,How Lagosians’ wrong waste disposal habit overburdens LAWMA
businessday-1070597,businessday,2026-01-01,2025-12,Lagos-wide,yes,service_failure_report,waste_pileup;illegal_dumping;missed_collection;blocked_drains;fees_or_billing;operator_capacity,residents;psp_operators;cart_pushers;state_government,mixed,no,Ejigbo;Ikotun,,https://businessday.ng/life/article/how-lagosians-wrong-waste-disposal-habit-overburdens-lawma/,How Lagosians’ wrong waste disposal habit overburdens LAWMA
businessday-1070597,businessday,2026-01-01,2025-12,Mushin,yes,service_failure_report,waste_pileup;illegal_dumping;missed_collection;blocked_drains;fees_or_billing;operator_capacity,residents;psp_operators;cart_pushers;state_government,mixed,no,Ejigbo;Ikotun,,https://businessday.ng/life/article/how-lagosians-wrong-waste-disposal-habit-overburdens-lawma/,How Lagosians’ wrong waste disposal habit overburdens LAWMA
businessday-1070597,businessday,2026-01-01,2025-12,Oshodi-Isolo,yes,service_failure_report,waste_pileup;illegal_dumping;missed_collection;blocked_drains;fees_or_billing;operator_capacity,residents;psp_operators;cart_pushers;state_government,mixed,no,Ejigbo;Ikotun,,https://businessday.ng/life/article/how-lagosians-wrong-waste-disposal-habit-overburdens-lawma/,How Lagosians’ wrong waste disposal habit overburdens LAWMA
businessday-1070597,businessday,2026-01-01,2025-12,Surulere,yes,service_failure_report,waste_pileup;illegal_dumping;missed_collection;blocked_drains;fees_or_billing;operator_capacity,residents;psp_operators;cart_pushers;state_government,mixed,no,Ejigbo;Ikotun,,https://businessday.ng/life/article/how-lagosians-wrong-waste-disposal-habit-overburdens-lawma/,How Lagosians’ wrong waste disposal habit overburdens LAWMA
businessday-1068056,businessday,2026-01-04,2025-12,Lagos-wide,no,official_statement,none,none_stated,none,no,,,https://businessday.ng/life/article/lawma-shows-commitment-to-environment-with-increased-activity-during-festivities/,LAWMA shows commitment to environment with increased activity during festivities
businessday-1069884,businessday,2026-01-08,,Ajeromi-Ifelodun,yes,service_failure_report,waste_pileup;blocked_drains;missed_collection;illegal_dumping;fees_or_billing,residents;psp_operators,mixed,no,Ikorodu Road;Agege Motor Road;Oshodi;Apapa corridor;CMS;Surulere;Ajegunle;Lekki Phase II;Ayobo,,https://businessday.ng/opinion/article/who-is-to-blame-as-refuse-heaps-dot-lagos-roads/,Who is to blame as refuse heaps dot Lagos roads?
businessday-1069884,businessday,2026-01-08,,Alimosho,yes,service_failure_report,waste_pileup;blocked_drains;missed_collection;illegal_dumping;fees_or_billing,residents;psp_operators,mixed,no,Ikorodu Road;Agege Motor Road;Oshodi;Apapa corridor;CMS;Surulere;Ajegunle;Lekki Phase II;Ayobo,,https://businessday.ng/opinion/article/who-is-to-blame-as-refuse-heaps-dot-lagos-roads/,Who is to blame as refuse heaps dot Lagos roads?
businessday-1069884,businessday,2026-01-08,,Apapa,yes,service_failure_report,waste_pileup;blocked_drains;missed_collection;illegal_dumping;fees_or_billing,residents;psp_operators,mixed,no,Ikorodu Road;Agege Motor Road;Oshodi;Apapa corridor;CMS;Surulere;Ajegunle;Lekki Phase II;Ayobo,,https://businessday.ng/opinion/article/who-is-to-blame-as-refuse-heaps-dot-lagos-roads/,Who is to blame as refuse heaps dot Lagos roads?
businessday-1069884,businessday,2026-01-08,,Eti-Osa,yes,service_failure_report,waste_pileup;blocked_drains;missed_collection;illegal_dumping;fees_or_billing,residents;psp_operators,mixed,no,Ikorodu Road;Agege Motor Road;Oshodi;Apapa corridor;CMS;Surulere;Ajegunle;Lekki Phase II;Ayobo,,https://businessday.ng/opinion/article/who-is-to-blame-as-refuse-heaps-dot-lagos-roads/,Who is to blame as refuse heaps dot Lagos roads?
businessday-1069884,businessday,2026-01-08,,Lagos Island,yes,service_failure_report,waste_pileup;blocked_drains;missed_collection;illegal_dumping;fees_or_billing,residents;psp_operators,mixed,no,Ikorodu Road;Agege Motor Road;Oshodi;Apapa corridor;CMS;Surulere;Ajegunle;Lekki Phase II;Ayobo,,https://businessday.ng/opinion/article/who-is-to-blame-as-refuse-heaps-dot-lagos-roads/,Who is to blame as refuse heaps dot Lagos roads?
businessday-1069884,businessday,2026-01-08,,Mushin,yes,service_failure_report,waste_pileup;blocked_drains;missed_collection;illegal_dumping;fees_or_billing,residents;psp_operators,mixed,no,Ikorodu Road;Agege Motor Road;Oshodi;Apapa corridor;CMS;Surulere;Ajegunle;Lekki Phase II;Ayobo,,https://businessday.ng/opinion/article/who-is-to-blame-as-refuse-heaps-dot-lagos-roads/,Who is to blame as refuse heaps dot Lagos roads?
businessday-1069884,businessday,2026-01-08,,Oshodi-Isolo,yes,service_failure_report,waste_pileup;blocked_drains;missed_collection;illegal_dumping;fees_or_billing,residents;psp_operators,mixed,no,Ikorodu Road;Agege Motor Road;Oshodi;Apapa corridor;CMS;Surulere;Ajegunle;Lekki Phase II;Ayobo,,https://businessday.ng/opinion/article/who-is-to-blame-as-refuse-heaps-dot-lagos-roads/,Who is to blame as refuse heaps dot Lagos roads?
businessday-1069884,businessday,2026-01-08,,Surulere,yes,service_failure_report,waste_pileup;blocked_drains;missed_collection;illegal_dumping;fees_or_billing,residents;psp_operators,mixed,no,Ikorodu Road;Agege Motor Road;Oshodi;Apapa corridor;CMS;Surulere;Ajegunle;Lekki Phase II;Ayobo,,https://businessday.ng/opinion/article/who-is-to-blame-as-refuse-heaps-dot-lagos-roads/,Who is to blame as refuse heaps dot Lagos roads?
businessday-1077727,businessday,2026-01-27,,Lagos-wide,no,official_statement,illegal_dumping,residents,official,no,,,https://businessday.ng/news/article/lagos-takes-steps-to-unlock-economic-potential-in-waste-management/,Lagos takes steps to unlock economic potential in waste management
nannews-310419,nannews,2026-02-19,2026-02,Lagos-wide,no,official_statement,none,none_stated,none,no,,,https://nannews.ng/lawma-to-recruit-300-waste-officers-for-enforcement-md/,LAWMA to recruit 300 environmental officers for enforcement – MD
nannews-310669,nannews,2026-02-20,2026-02,Lagos-wide,no,official_statement,operator_capacity,psp_operators,official,no,,,https://nannews.ng/lawma-to-close-olusosun-solous-dumpsites-sanction-default-psp-operators/,"LAWMA to close Olusosun, Solous dumpsites, sanction default PSP operators"
nannews-310674,nannews,2026-02-20,2026-02,Lagos-wide,no,official_statement,illegal_dumping,residents,official,no,,,https://nannews.ng/lawma-reforms-boost-waste-collection-efficiency-md/,LAWMA reforms boost waste collection efficiency – MD
businessday-1095200,businessday,2026-03-03,,Ikeja,no,other,other;illegal_dumping,none_stated,none,no,Olusosun dumpsite;Police College Ikeja;Ebute-Ero,,https://businessday.ng/health/article/lagos-waste-management-failures-fan-air-pollution-concerns/,Lagos waste management failures fan air pollution concerns
businessday-1095200,businessday,2026-03-03,,Lagos Island,no,other,other;illegal_dumping,none_stated,none,no,Olusosun dumpsite;Police College Ikeja;Ebute-Ero,,https://businessday.ng/health/article/lagos-waste-management-failures-fan-air-pollution-concerns/,Lagos waste management failures fan air pollution concerns
businessday-1096036,businessday,2026-03-04,2026-02,Agege,yes,service_failure_report,missed_collection;waste_pileup;blocked_drains;illegal_dumping;operator_capacity;dumpsite_access;fees_or_billing,psp_operators;lawma;residents,mixed,no,Iyana Ipaja;Ikotun;Liasu Road;Aluko;Ilewe;NNPC;Council;Temidara;Ikunna;Malas;Agege-Ipaja road;Orile-Agege,,https://businessday.ng/investigation/article/lagos-drowns-in-refuse-despite-billions-to-lawma/,Lagos drowns in refuse despite billions to LAWMA
businessday-1096036,businessday,2026-03-04,2026-02,Alimosho,yes,service_failure_report,missed_collection;waste_pileup;blocked_drains;illegal_dumping;operator_capacity;dumpsite_access;fees_or_billing,psp_operators;lawma;residents,mixed,no,Iyana Ipaja;Ikotun;Liasu Road;Aluko;Ilewe;NNPC;Council;Temidara;Ikunna;Malas;Agege-Ipaja road;Orile-Agege,,https://businessday.ng/investigation/article/lagos-drowns-in-refuse-despite-billions-to-lawma/,Lagos drowns in refuse despite billions to LAWMA
businessday-1100445,businessday,2026-03-11,,Alimosho,no,policy_or_investment,waste_pileup;illegal_dumping,none_stated,none,no,Egbe-Idimu,,https://businessday.ng/news/article/sanitation-push-egbe-idimu-lcda-deploys-new-compactor-to-tackle-waste-challenge/,Sanitation Push: Egbe–Idimu LCDA deploys new compactor to tackle waste challenge
businessday-1101458,businessday,2026-03-13,,Lagos-wide,no,other,waste_pileup;blocked_drains,none_stated,none,no,,,https://businessday.ng/news/article/sustainable-waste-management-in-focus-as-pewan-gathers-stakeholders/,Sustainable waste management in focus as PEWAN gathers stakeholders
businessday-1101807,businessday,2026-03-14,2026-03,Lagos-wide,no,official_statement,waste_pileup;illegal_dumping,residents;cart_pushers,official,no,Mushin-Agege Motor Road,,https://businessday.ng/news/article/sanwo-olu-revives-monthly-environmental-sanitation-in-lagos/,Sanwo-Olu revives monthly environmental sanitation in Lagos
businessday-1101807,businessday,2026-03-14,2026-03,Mushin,no,official_statement,waste_pileup;illegal_dumping,residents;cart_pushers,official,no,Mushin-Agege Motor Road,,https://businessday.ng/news/article/sanwo-olu-revives-monthly-environmental-sanitation-in-lagos/,Sanwo-Olu revives monthly environmental sanitation in Lagos
businessday-1102199,businessday,2026-03-15,,Agege,yes,opinion,missed_collection;waste_pileup;fees_or_billing;operator_capacity;dumpsite_access;illegal_dumping,psp_operators;state_government,journalist,no,Oshodi;Oyingbo;Yaba;Akoka;Ojodu;Ikorodu,,https://businessday.ng/life/article/heaps-of-refuse-lawma-must-wake-up-to-its-responsibility/,Heaps of refuse: LAWMA must wake up to its responsibility
businessday-1102199,businessday,2026-03-15,,Alimosho,yes,opinion,missed_collection;waste_pileup;fees_or_billing;operator_capacity;dumpsite_access;illegal_dumping,psp_operators;state_government,journalist,no,Oshodi;Oyingbo;Yaba;Akoka;Ojodu;Ikorodu,,https://businessday.ng/life/article/heaps-of-refuse-lawma-must-wake-up-to-its-responsibility/,Heaps of refuse: LAWMA must wake up to its responsibility
businessday-1102199,businessday,2026-03-15,,Apapa,yes,opinion,missed_collection;waste_pileup;fees_or_billing;operator_capacity;dumpsite_access;illegal_dumping,psp_operators;state_government,journalist,no,Oshodi;Oyingbo;Yaba;Akoka;Ojodu;Ikorodu,,https://businessday.ng/life/article/heaps-of-refuse-lawma-must-wake-up-to-its-responsibility/,Heaps of refuse: LAWMA must wake up to its responsibility
businessday-1102199,businessday,2026-03-15,,Ikeja,yes,opinion,missed_collection;waste_pileup;fees_or_billing;operator_capacity;dumpsite_access;illegal_dumping,psp_operators;state_government,journalist,no,Oshodi;Oyingbo;Yaba;Akoka;Ojodu;Ikorodu,,https://businessday.ng/life/article/heaps-of-refuse-lawma-must-wake-up-to-its-responsibility/,Heaps of refuse: LAWMA must wake up to its responsibility
businessday-1102199,businessday,2026-03-15,,Ikorodu,yes,opinion,missed_collection;waste_pileup;fees_or_billing;operator_capacity;dumpsite_access;illegal_dumping,psp_operators;state_government,journalist,no,Oshodi;Oyingbo;Yaba;Akoka;Ojodu;Ikorodu,,https://businessday.ng/life/article/heaps-of-refuse-lawma-must-wake-up-to-its-responsibility/,Heaps of refuse: LAWMA must wake up to its responsibility
businessday-1102199,businessday,2026-03-15,,Lagos Mainland,yes,opinion,missed_collection;waste_pileup;fees_or_billing;operator_capacity;dumpsite_access;illegal_dumping,psp_operators;state_government,journalist,no,Oshodi;Oyingbo;Yaba;Akoka;Ojodu;Ikorodu,,https://businessday.ng/life/article/heaps-of-refuse-lawma-must-wake-up-to-its-responsibility/,Heaps of refuse: LAWMA must wake up to its responsibility
businessday-1102199,businessday,2026-03-15,,Lagos-wide,yes,opinion,missed_collection;waste_pileup;fees_or_billing;operator_capacity;dumpsite_access;illegal_dumping,psp_operators;state_government,journalist,no,Oshodi;Oyingbo;Yaba;Akoka;Ojodu;Ikorodu,,https://businessday.ng/life/article/heaps-of-refuse-lawma-must-wake-up-to-its-responsibility/,Heaps of refuse: LAWMA must wake up to its responsibility
businessday-1102199,businessday,2026-03-15,,Mushin,yes,opinion,missed_collection;waste_pileup;fees_or_billing;operator_capacity;dumpsite_access;illegal_dumping,psp_operators;state_government,journalist,no,Oshodi;Oyingbo;Yaba;Akoka;Ojodu;Ikorodu,,https://businessday.ng/life/article/heaps-of-refuse-lawma-must-wake-up-to-its-responsibility/,Heaps of refuse: LAWMA must wake up to its responsibility
businessday-1102199,businessday,2026-03-15,,Oshodi-Isolo,yes,opinion,missed_collection;waste_pileup;fees_or_billing;operator_capacity;dumpsite_access;illegal_dumping,psp_operators;state_government,journalist,no,Oshodi;Oyingbo;Yaba;Akoka;Ojodu;Ikorodu,,https://businessday.ng/life/article/heaps-of-refuse-lawma-must-wake-up-to-its-responsibility/,Heaps of refuse: LAWMA must wake up to its responsibility
businessday-1102199,businessday,2026-03-15,,Shomolu,yes,opinion,missed_collection;waste_pileup;fees_or_billing;operator_capacity;dumpsite_access;illegal_dumping,psp_operators;state_government,journalist,no,Oshodi;Oyingbo;Yaba;Akoka;Ojodu;Ikorodu,,https://businessday.ng/life/article/heaps-of-refuse-lawma-must-wake-up-to-its-responsibility/,Heaps of refuse: LAWMA must wake up to its responsibility
businessday-1104549,businessday,2026-03-20,2026-03,Lagos-wide,no,official_statement,none,none_stated,none,no,,,https://businessday.ng/news/article/economy-environment-benefit-as-lagos-transitions-to-circular-waste-management-model/,"Economy, environment benefit as Lagos transitions to circular waste management model"
businessday-1104901,businessday,2026-03-22,,Ajeromi-Ifelodun,yes,other,missed_collection;waste_pileup;operator_capacity;blocked_drains;illegal_dumping,residents;psp_operators;lawma;state_government,mixed,no,Isolo;Oshodi;Ajegunle;Mile 2,,https://businessday.ng/life/article/mixed-reactions-greet-monthly-sanitation-reintroduction-in-lagos/,Mixed reactions greet monthly sanitation reintroduction in Lagos
businessday-1104901,businessday,2026-03-22,,Oshodi-Isolo,yes,other,missed_collection;waste_pileup;operator_capacity;blocked_drains;illegal_dumping,residents;psp_operators;lawma;state_government,mixed,no,Isolo;Oshodi;Ajegunle;Mile 2,,https://businessday.ng/life/article/mixed-reactions-greet-monthly-sanitation-reintroduction-in-lagos/,Mixed reactions greet monthly sanitation reintroduction in Lagos
businessday-1109551,businessday,2026-03-31,2026-03,unspecified,no,official_statement,operator_capacity;dumpsite_access;illegal_dumping,other,official,no,,,https://businessday.ng/news/article/lagos-bets-on-councils-to-drive-monthly-sanitation-unveils-reward-for-top-performers/,"Lagos bets on councils to drive monthly sanitation, unveils reward for top-performers"
nannews-319268,nannews,2026-05-03,2026-05,Alimosho,no,official_statement,operator_capacity,psp_operators,official,yes,Igando-Ikotun;Egan;Isheri-Oshun;Eti-Osa West;Orade;Ijegun Emure;Ejigbo;Bucknor;Ishaga;Ire Akari;Lowa,,https://nannews.ng/lawma-withdraws-licences-of-5-underperforming-psp-operators/,LAWMA withdraws licences of 5 underperforming PSP operators
nannews-319268,nannews,2026-05-03,2026-05,Amuwo-Odofin,no,official_statement,operator_capacity,psp_operators,official,yes,Igando-Ikotun;Egan;Isheri-Oshun;Eti-Osa West;Orade;Ijegun Emure;Ejigbo;Bucknor;Ishaga;Ire Akari;Lowa,,https://nannews.ng/lawma-withdraws-licences-of-5-underperforming-psp-operators/,LAWMA withdraws licences of 5 underperforming PSP operators
nannews-319268,nannews,2026-05-03,2026-05,Eti-Osa,no,official_statement,operator_capacity,psp_operators,official,yes,Igando-Ikotun;Egan;Isheri-Oshun;Eti-Osa West;Orade;Ijegun Emure;Ejigbo;Bucknor;Ishaga;Ire Akari;Lowa,,https://nannews.ng/lawma-withdraws-licences-of-5-underperforming-psp-operators/,LAWMA withdraws licences of 5 underperforming PSP operators
nannews-319268,nannews,2026-05-03,2026-05,Ikorodu,no,official_statement,operator_capacity,psp_operators,official,yes,Igando-Ikotun;Egan;Isheri-Oshun;Eti-Osa West;Orade;Ijegun Emure;Ejigbo;Bucknor;Ishaga;Ire Akari;Lowa,,https://nannews.ng/lawma-withdraws-licences-of-5-underperforming-psp-operators/,LAWMA withdraws licences of 5 underperforming PSP operators
nannews-319268,nannews,2026-05-03,2026-05,Oshodi-Isolo,no,official_statement,operator_capacity,psp_operators,official,yes,Igando-Ikotun;Egan;Isheri-Oshun;Eti-Osa West;Orade;Ijegun Emure;Ejigbo;Bucknor;Ishaga;Ire Akari;Lowa,,https://nannews.ng/lawma-withdraws-licences-of-5-underperforming-psp-operators/,LAWMA withdraws licences of 5 underperforming PSP operators
businessday-1137411,businessday,2026-05-24,,Lagos-wide,no,official_statement,illegal_dumping,residents;cart_pushers;psp_operators,official,no,,,https://businessday.ng/news/article/lagos-intensifies-push-for-circular-economy-expands-waste-to-energy-projects/,"Lagos intensifies push for circular economy, expands waste-to-energy projects"
businessday-1148861,businessday,2026-06-18,2026-06,Lagos-wide,no,official_statement,waste_pileup,psp_operators,expert,no,,,https://businessday.ng/uncategorized/article/lagos-sanwo-olu-orders-emergency-waste-evacuation-as-sanitation-crisis-brews/,Lagos: Sanwo-Olu orders emergency waste evacuation as sanitation crisis brews
nannews-326466,nannews,2026-06-21,2026-06,Lagos-wide,no,enforcement,illegal_dumping,residents;traders,official,no,,,https://nannews.ng/lagos-inaugurates-task-force-against-indiscriminate-waste-dumping/,Lagos inaugurates task force against indiscriminate waste dumping
businessday-1150257,businessday,2026-06-22,,Agege,no,opinion,waste_pileup;blocked_drains;illegal_dumping;market_waste,residents;state_government;traders,journalist,no,Iyana-Ipaja;Agege;Oshodi;Apapa;Ikotun;Marina;Okota;Amuwo Odofin;Mile 2;Ajegunle,,https://businessday.ng/opinion/article/lagos-is-sinking-in-waste-everyone-to-the-rescue/,Lagos is sinking in waste; everyone to the rescue!
businessday-1150257,businessday,2026-06-22,,Ajeromi-Ifelodun,no,opinion,waste_pileup;blocked_drains;illegal_dumping;market_waste,residents;state_government;traders,journalist,no,Iyana-Ipaja;Agege;Oshodi;Apapa;Ikotun;Marina;Okota;Amuwo Odofin;Mile 2;Ajegunle,,https://businessday.ng/opinion/article/lagos-is-sinking-in-waste-everyone-to-the-rescue/,Lagos is sinking in waste; everyone to the rescue!
businessday-1150257,businessday,2026-06-22,,Alimosho,no,opinion,waste_pileup;blocked_drains;illegal_dumping;market_waste,residents;state_government;traders,journalist,no,Iyana-Ipaja;Agege;Oshodi;Apapa;Ikotun;Marina;Okota;Amuwo Odofin;Mile 2;Ajegunle,,https://businessday.ng/opinion/article/lagos-is-sinking-in-waste-everyone-to-the-rescue/,Lagos is sinking in waste; everyone to the rescue!
businessday-1150257,businessday,2026-06-22,,Amuwo-Odofin,no,opinion,waste_pileup;blocked_drains;illegal_dumping;market_waste,residents;state_government;traders,journalist,no,Iyana-Ipaja;Agege;Oshodi;Apapa;Ikotun;Marina;Okota;Amuwo Odofin;Mile 2;Ajegunle,,https://businessday.ng/opinion/article/lagos-is-sinking-in-waste-everyone-to-the-rescue/,Lagos is sinking in waste; everyone to the rescue!
businessday-1150257,businessday,2026-06-22,,Apapa,no,opinion,waste_pileup;blocked_drains;illegal_dumping;market_waste,residents;state_government;traders,journalist,no,Iyana-Ipaja;Agege;Oshodi;Apapa;Ikotun;Marina;Okota;Amuwo Odofin;Mile 2;Ajegunle,,https://businessday.ng/opinion/article/lagos-is-sinking-in-waste-everyone-to-the-rescue/,Lagos is sinking in waste; everyone to the rescue!
businessday-1150257,businessday,2026-06-22,,Lagos Island,no,opinion,waste_pileup;blocked_drains;illegal_dumping;market_waste,residents;state_government;traders,journalist,no,Iyana-Ipaja;Agege;Oshodi;Apapa;Ikotun;Marina;Okota;Amuwo Odofin;Mile 2;Ajegunle,,https://businessday.ng/opinion/article/lagos-is-sinking-in-waste-everyone-to-the-rescue/,Lagos is sinking in waste; everyone to the rescue!
businessday-1150257,businessday,2026-06-22,,Lagos-wide,no,opinion,waste_pileup;blocked_drains;illegal_dumping;market_waste,residents;state_government;traders,journalist,no,Iyana-Ipaja;Agege;Oshodi;Apapa;Ikotun;Marina;Okota;Amuwo Odofin;Mile 2;Ajegunle,,https://businessday.ng/opinion/article/lagos-is-sinking-in-waste-everyone-to-the-rescue/,Lagos is sinking in waste; everyone to the rescue!
businessday-1150257,businessday,2026-06-22,,Oshodi-Isolo,no,opinion,waste_pileup;blocked_drains;illegal_dumping;market_waste,residents;state_government;traders,journalist,no,Iyana-Ipaja;Agege;Oshodi;Apapa;Ikotun;Marina;Okota;Amuwo Odofin;Mile 2;Ajegunle,,https://businessday.ng/opinion/article/lagos-is-sinking-in-waste-everyone-to-the-rescue/,Lagos is sinking in waste; everyone to the rescue!
nannews-327280,nannews,2026-06-26,2026-06,Alimosho,no,official_statement,waste_pileup,none_stated,none,no,Awoyaya;Ologunfe Bus Stop;NAFDAC Spot;Oshodi-Apapa Expressway;Cele Bus Stop;Ijanikin;Leventis;Outer Marina;Iyana Ipaja;Isheri Olofin;Ketu-Ejinrin;Ojuelegba Under-Bridge,,https://nannews.ng/lawma-intensifies-waste-evacuation-across-lagos/,LAWMA intensifies waste evacuation across Lagos
nannews-327280,nannews,2026-06-26,2026-06,Epe,no,official_statement,waste_pileup,none_stated,none,no,Awoyaya;Ologunfe Bus Stop;NAFDAC Spot;Oshodi-Apapa Expressway;Cele Bus Stop;Ijanikin;Leventis;Outer Marina;Iyana Ipaja;Isheri Olofin;Ketu-Ejinrin;Ojuelegba Under-Bridge,,https://nannews.ng/lawma-intensifies-waste-evacuation-across-lagos/,LAWMA intensifies waste evacuation across Lagos
nannews-327280,nannews,2026-06-26,2026-06,Ibeju-Lekki,no,official_statement,waste_pileup,none_stated,none,no,Awoyaya;Ologunfe Bus Stop;NAFDAC Spot;Oshodi-Apapa Expressway;Cele Bus Stop;Ijanikin;Leventis;Outer Marina;Iyana Ipaja;Isheri Olofin;Ketu-Ejinrin;Ojuelegba Under-Bridge,,https://nannews.ng/lawma-intensifies-waste-evacuation-across-lagos/,LAWMA intensifies waste evacuation across Lagos
nannews-327280,nannews,2026-06-26,2026-06,Lagos Island,no,official_statement,waste_pileup,none_stated,none,no,Awoyaya;Ologunfe Bus Stop;NAFDAC Spot;Oshodi-Apapa Expressway;Cele Bus Stop;Ijanikin;Leventis;Outer Marina;Iyana Ipaja;Isheri Olofin;Ketu-Ejinrin;Ojuelegba Under-Bridge,,https://nannews.ng/lawma-intensifies-waste-evacuation-across-lagos/,LAWMA intensifies waste evacuation across Lagos
nannews-327280,nannews,2026-06-26,2026-06,Ojo,no,official_statement,waste_pileup,none_stated,none,no,Awoyaya;Ologunfe Bus Stop;NAFDAC Spot;Oshodi-Apapa Expressway;Cele Bus Stop;Ijanikin;Leventis;Outer Marina;Iyana Ipaja;Isheri Olofin;Ketu-Ejinrin;Ojuelegba Under-Bridge,,https://nannews.ng/lawma-intensifies-waste-evacuation-across-lagos/,LAWMA intensifies waste evacuation across Lagos
nannews-327280,nannews,2026-06-26,2026-06,Surulere,no,official_statement,waste_pileup,none_stated,none,no,Awoyaya;Ologunfe Bus Stop;NAFDAC Spot;Oshodi-Apapa Expressway;Cele Bus Stop;Ijanikin;Leventis;Outer Marina;Iyana Ipaja;Isheri Olofin;Ketu-Ejinrin;Ojuelegba Under-Bridge,,https://nannews.ng/lawma-intensifies-waste-evacuation-across-lagos/,LAWMA intensifies waste evacuation across Lagos
nannews-327503,nannews,2026-06-27,2026-06,Kosofe,yes,enforcement,missed_collection;waste_pileup;illegal_dumping,psp_operators;residents,mixed,no,Olorunfunmi Street;Oworonshoki;Olubori Odunfa Ikore,,https://nannews.ng/lagos-intensifies-sanitation-enforcement-seals-defaulting-houses-in-kosofe/,"Lagos intensifies sanitation enforcement, seals defaulting houses in Kosofe"
nannews-327557,nannews,2026-06-27,2026-06,unspecified,yes,official_statement,missed_collection,psp_operators,resident,no,,,https://nannews.ng/sanitation-compliance-improving-in-lagos-says-hos/,"Sanitation compliance improving in Lagos, says HoS"
nannews-327969,nannews,2026-06-30,2026-06,Kosofe,no,official_statement,illegal_dumping;blocked_drains,residents,official,no,Oworonshoki;Ifako;Ogudu;Mende,,https://nannews.ng/flooding-kosofe-council-boss-blames-indiscriminate-waste-disposal/,Flooding: Kosofe council boss blames indiscriminate waste disposal
nannews-328118,nannews,2026-07-01,2026-07,unspecified,no,enforcement,illegal_dumping,residents;traders,official,no,Lagos-Badagry Expressway,,https://nannews.ng/lagos-steps-up-crackdown-on-illegal-waste-dumping-environmental-violations/,"Lagos steps up crackdown on illegal waste dumping, environmental violations"
businessday-1156297,businessday,2026-07-05,,Lagos-wide,yes,service_failure_report,waste_pileup;illegal_dumping;blocked_drains;operator_capacity;market_waste,residents;traders;lawma;psp_operators;local_government,mixed,no,Mile 2;Lagos-Badagry Expressway,,https://businessday.ng/life/article/lagos-markets-roads-gutters-littered-with-waste-as-residents-shun-proper-disposal-channels/,"Lagos’ markets, roads, gutters littered with waste as residents shun proper disposal channels"
nannews-329648,nannews,2026-07-10,2026-07,Alimosho,yes,service_failure_report,waste_pileup;market_waste;missed_collection;illegal_dumping,residents,resident,no,Oshodi Oke;Egbeda;Lekki-Epe corridor,,https://nannews.ng/residents-commend-ongoing-waste-evacuation-in-lagos/,Residents commend ongoing waste evacuation in Lagos
nannews-329648,nannews,2026-07-10,2026-07,Oshodi-Isolo,yes,service_failure_report,waste_pileup;market_waste;missed_collection;illegal_dumping,residents,resident,no,Oshodi Oke;Egbeda;Lekki-Epe corridor,,https://nannews.ng/residents-commend-ongoing-waste-evacuation-in-lagos/,Residents commend ongoing waste evacuation in Lagos
businessday-1159882,businessday,2026-07-12,2026-07,Agege,no,enforcement,illegal_dumping;waste_pileup,residents,official,no,Guinness Road,,https://businessday.ng/news/article/lagos-lawyer-to-spend-7-months-behind-bars-over-illegal-waste-disposal/,Lagos lawyer to spend 7 months behind bars over illegal waste disposal
businessday-1159882,businessday,2026-07-12,2026-07,Lagos-wide,no,enforcement,illegal_dumping;waste_pileup,residents,official,no,Guinness Road,,https://businessday.ng/news/article/lagos-lawyer-to-spend-7-months-behind-bars-over-illegal-waste-disposal/,Lagos lawyer to spend 7 months behind bars over illegal waste disposal
nannews-330937,nannews,2026-07-19,2026-07,Alimosho,yes,official_statement,waste_pileup;dumpsite_access;fees_or_billing;operator_capacity;missed_collection;illegal_dumping,residents;psp_operators,official,no,Olusosun;Solous III;Ogba;Magodo;Osi,,https://nannews.ng/lawma-unveils-reforms-to-end-lagos-waste-backlog/,LAWMA unveils reforms to end Lagos waste backlog
nannews-330937,nannews,2026-07-19,2026-07,Ikeja,yes,official_statement,waste_pileup;dumpsite_access;fees_or_billing;operator_capacity;missed_collection;illegal_dumping,residents;psp_operators,official,no,Olusosun;Solous III;Ogba;Magodo;Osi,,https://nannews.ng/lawma-unveils-reforms-to-end-lagos-waste-backlog/,LAWMA unveils reforms to end Lagos waste backlog
nannews-330937,nannews,2026-07-19,2026-07,Kosofe,yes,official_statement,waste_pileup;dumpsite_access;fees_or_billing;operator_capacity;missed_collection;illegal_dumping,residents;psp_operators,official,no,Olusosun;Solous III;Ogba;Magodo;Osi,,https://nannews.ng/lawma-unveils-reforms-to-end-lagos-waste-backlog/,LAWMA unveils reforms to end Lagos waste backlog
nannews-330937,nannews,2026-07-19,2026-07,Lagos-wide,yes,official_statement,waste_pileup;dumpsite_access;fees_or_billing;operator_capacity;missed_collection;illegal_dumping,residents;psp_operators,official,no,Olusosun;Solous III;Ogba;Magodo;Osi,,https://nannews.ng/lawma-unveils-reforms-to-end-lagos-waste-backlog/,LAWMA unveils reforms to end Lagos waste backlog
businessday-1164260,businessday,2026-07-21,,unspecified,no,opinion,waste_pileup;illegal_dumping;blocked_drains,none_stated,none,no,,,https://businessday.ng/brands-advertising/article/can-lagos-build-a-global-brand-amid-mounting-waste/,Can Lagos build a global brand amid mounting waste?
nannews-331858,nannews,2026-07-25,2026-07,Badagry,no,official_statement,operator_capacity;illegal_dumping,residents;psp_operators,official,no,,,https://nannews.ng/lagos-urges-proper-waste-disposal-vows-to-address-psp-gaps/,"Lagos urges proper waste disposal, vows to address PSP gaps"
nannews-331863,nannews,2026-07-25,2026-07,Badagry,yes,official_statement,missed_collection;dumpsite_access,none_stated,none,no,Olusosun;Vetho Ajara,,https://nannews.ng/lawma-assures-lagos-residents-of-improved-waste-collection/,LAWMA assures Lagos residents of improved waste collection
nannews-331863,nannews,2026-07-25,2026-07,Ikeja,yes,official_statement,missed_collection;dumpsite_access,none_stated,none,no,Olusosun;Vetho Ajara,,https://nannews.ng/lawma-assures-lagos-residents-of-improved-waste-collection/,LAWMA assures Lagos residents of improved waste collection
nannews-331863,nannews,2026-07-25,2026-07,Lagos-wide,yes,official_statement,missed_collection;dumpsite_access,none_stated,none,no,Olusosun;Vetho Ajara,,https://nannews.ng/lawma-assures-lagos-residents-of-improved-waste-collection/,LAWMA assures Lagos residents of improved waste collection
nannews-331969,nannews,2026-07-26,2026-07,Badagry,no,official_statement,operator_capacity;illegal_dumping,residents,official,no,,,https://nannews.ng/sanitation-badagry-lg-appeals-for-more-psp-trucks/,Sanitation: Badagry LG appeals for more PSP trucks
nannews-334662,nannews,2026-08-13,2026-08,unspecified,no,official_statement,illegal_dumping,residents;other,official,no,,,https://nannews.ng/lagos-to-deploy-waste-marshals-against-indiscriminate-dumping/,Lagos to deploy Waste Marshals against indiscriminate dumping
nannews-336229,nannews,2026-08-23,2026-08,Ajeromi-Ifelodun,yes,service_failure_report,waste_pileup;missed_collection;illegal_dumping;road_access,none_stated,none,no,Orile;Iganmu;Iludun;Amukoko Cemetery;Orile Road,,https://nannews.ng/lagos-community-seeks-intervention-over-lingering-refuse/,Lagos community seeks intervention over lingering refuse
nannews-336229,nannews,2026-08-23,2026-08,Surulere,yes,service_failure_report,waste_pileup;missed_collection;illegal_dumping;road_access,none_stated,none,no,Orile;Iganmu;Iludun;Amukoko Cemetery;Orile Road,,https://nannews.ng/lagos-community-seeks-intervention-over-lingering-refuse/,Lagos community seeks intervention over lingering refuse
businessday-1184046,businessday,2026-08-29,2026-08,Amuwo-Odofin,no,policy_or_investment,operator_capacity;illegal_dumping,cart_pushers,official,no,Festac,,https://businessday.ng/news/article/lagos-makes-new-investment-in-waste-mgt-deploys-220-compactor-trucks/,"Lagos makes new investment in waste mgt, deploys 220 compactor trucks"
businessday-1184046,businessday,2026-08-29,2026-08,Lagos-wide,no,policy_or_investment,operator_capacity;illegal_dumping,cart_pushers,official,no,Festac,,https://businessday.ng/news/article/lagos-makes-new-investment-in-waste-mgt-deploys-220-compactor-trucks/,"Lagos makes new investment in waste mgt, deploys 220 compactor trucks"
nannews-337107,nannews,2026-08-29,2026-08,Shomolu,no,official_statement,fees_or_billing,residents,official,no,Bariga,,https://nannews.ng/lagos-bariga-lg-urge-residents-to-support-sanitation-efforts/,"Lagos, Bariga LG urge residents to support sanitation efforts"
nannews-338339,nannews,2026-09-08,2026-09,Mushin,no,other,waste_pileup;illegal_dumping,residents,expert,no,Odolowu;Cappa;Mushin Olosha;Olohunsogo;AP Junction;Moshi Lashi,,https://nannews.ng/ngo-debunks-viral-video-claim-on-mushin-refuse-situation/,NGO debunks viral video claim on Mushin refuse situation
businessday-1196814,businessday,2026-09-26,2026-09,Oshodi-Isolo,yes,official_statement,missed_collection;fees_or_billing;dumpsite_access;illegal_dumping,psp_operators,resident,no,Mafoluku,,https://businessday.ng/news/article/lagos-waste-sanwo-olus-wife-urges-improved-sorting-to-ease-evacuation/,Lagos waste: Sanwo-Olu’s wife urges improved sorting to ease evacuation
nannews-341735,nannews,2026-09-26,2026-08,Lagos Mainland,no,official_statement,waste_pileup,none_stated,none,no,,,https://nannews.ng/lagos-tasks-residents-on-daily-sanitation/,Lagos tasks residents on daily sanitation
nannews-341742,nannews,2026-09-26,2026-09,Ajeromi-Ifelodun,yes,service_failure_report,missed_collection;waste_pileup;illegal_dumping,psp_operators,resident,no,Maiyegun Oro Street;Amukoko;Okerube;Akanbi Street;Ikotun,,https://nannews.ng/irregular-waste-collection-frustrates-lagos-sanitation-efforts/,Irregular waste collection frustrates Lagos sanitation efforts
nannews-341742,nannews,2026-09-26,2026-09,Alimosho,yes,service_failure_report,missed_collection;waste_pileup;illegal_dumping,psp_operators,resident,no,Maiyegun Oro Street;Amukoko;Okerube;Akanbi Street;Ikotun,,https://nannews.ng/irregular-waste-collection-frustrates-lagos-sanitation-efforts/,Irregular waste collection frustrates Lagos sanitation efforts
