lga,psp_operators,psp_ward_slots,directory_areas,population_2006_npc,population_2006_state,residents_per_operator_npc,residents_per_slot_npc,residents_per_operator_state,residents_per_slot_state,source_id
Agege,16,17,2,461743,1033064,28859.0,27161.0,64566.0,60768.0,S18;S19;S20
Ajeromi-Ifelodun,17,18,2,687316,1435295,40430.0,38184.0,84429.0,79739.0,S18;S19;S20
Alimosho,71,77,6,1319571,2047026,18586.0,17137.0,28831.0,26585.0,S18;S19;S20
Amuwo-Odofin,14,14,2,328975,524971,23498.0,23498.0,37498.0,37498.0,S18;S19;S20
Apapa,11,14,2,222986,522384,20271.0,15928.0,47489.0,37313.0,S18;S19;S20
Badagry,6,19,3,237731,380420,39622.0,12512.0,63403.0,20022.0,S18;S19;S20
Epe,4,15,3,181734,323634,45434.0,12116.0,80908.0,21576.0,S18;S19;S20
Eti-Osa,74,76,4,283791,983515,3835.0,3734.0,13291.0,12941.0,S18;S19;S20
Ibeju-Lekki,10,19,2,117793,99540,11779.0,6200.0,9954.0,5239.0,S18;S19;S20
Ifako-Ijaiye,19,23,2,427737,744323,22512.0,18597.0,39175.0,32362.0,S18;S19;S20
Ikeja,26,29,3,317614,648720,12216.0,10952.0,24951.0,22370.0,S18;S19;S20
Ikorodu,42,46,6,527917,689045,12569.0,11476.0,16406.0,14979.0,S18;S19;S20
Kosofe,25,28,3,682772,934614,27311.0,24385.0,37385.0,33379.0,S18;S19;S20
Lagos Island,2,4,1,212700,859849,106350.0,53175.0,429924.0,214962.0,S18;S19;S20
Lagos Mainland,13,17,2,326700,629469,25131.0,19218.0,48421.0,37028.0,S18;S19;S20
Mushin,19,21,2,631857,1321517,33256.0,30088.0,69554.0,62929.0,S18;S19;S20
Ojo,16,18,3,609173,941523,38073.0,33843.0,58845.0,52307.0,S18;S19;S20
Oshodi-Isolo,27,30,3,629061,1134548,23299.0,20969.0,42020.0,37818.0,S18;S19;S20
Shomolu,15,17,2,403569,1025123,26905.0,23739.0,68342.0,60301.0,S18;S19;S20
Surulere,24,26,3,502865,1274362,20953.0,19341.0,53098.0,49014.0,S18;S19;S20
