lga,km_to_nearest_site,nearest_site,source_id
Agege,7.4,Olusosun,S16;S21
Ajeromi-Ifelodun,15.0,Solous,S16;S21
Alimosho,2.0,Solous,S16;S21
Amuwo-Odofin,12.9,Solous,S16;S21
Apapa,17.2,Olusosun,S16;S21
Badagry,34.2,Solous,S16;S21
Epe,52.4,Ewu-Elepe,S16;S21
Eti-Osa,15.7,Ewu-Elepe,S16;S21
Ibeju-Lekki,33.9,Ewu-Elepe,S16;S21
Ifako-Ijaiye,10.7,Olusosun,S16;S21
Ikeja,3.4,Olusosun,S16;S21
Ikorodu,1.5,Ewu-Elepe,S16;S21
Kosofe,1.9,Olusosun,S16;S21
Lagos Island,16.1,Olusosun,S16;S21
Lagos Mainland,10.6,Olusosun,S16;S21
Mushin,7.0,Olusosun,S16;S21
Ojo,14.7,Solous,S16;S21
Oshodi-Isolo,7.3,Solous,S16;S21
Shomolu,5.6,Olusosun,S16;S21
Surulere,12.1,Olusosun,S16;S21
