response_id,submitted_date,area,lga,lga_source,road_condition,truck_access,home_type,gated_estate,main_collector,truck_schedule,truck_pickups_4wk_answer,last_collected,pays_bill,monthly_fee,if_missed_wait,if_missed_call,if_missed_cart_pusher,if_missed_burn,if_missed_dump,if_missed_collection_point,if_missed_other,nonpay_not_applicable,nonpay_poor_service,nonpay_cannot_afford,nonpay_no_bill,nonpay_dont_know_who,nonpay_pays_cart_pusher,nonpay_other,satisfaction,has_comment,truck_user,truck_pickups_4wk,expected_pickups_4wk,missed_pickups_4wk,days_since_collection,gap_over_14_days,source_id
R001,2026-10-03,Alagbado,Ifako-Ijaiye,respondent,untarred,yes,self_contained,no,psp_truck,fortnightly,1,8_14_days,regularly,10000_plus,yes,no,no,no,no,no,no,yes,no,no,no,no,no,no,3,no,yes,1,2,1,11.0,no,S17
R002,2026-10-03,Ilasamaja,Mushin,respondent,tarred_good,yes,self_contained,yes,psp_truck,weekly,dont_know,cant_remember,sometimes,dont_know,no,no,yes,no,no,no,no,no,yes,no,no,no,no,no,2,no,yes,,4,,,,S17
R003,2026-10-03,Adura,Ifako-Ijaiye,respondent,tarred_damaged,yes,self_contained,yes,psp_truck,fortnightly,2,8_14_days,regularly,5000_9999,no,yes,no,no,no,no,no,yes,no,no,no,no,no,no,3,yes,yes,2,2,0,11.0,no,S17
R004,2026-10-03,Ajegunle,Ajeromi-Ifelodun,respondent,tarred_good,yes,flat_2plus,yes,psp_truck,fortnightly,1,cant_remember,regularly,5000_9999,yes,no,yes,no,no,yes,no,yes,no,no,no,no,no,no,2,no,yes,1,2,1,,,S17
R005,2026-10-03,Ejigbo,Oshodi-Isolo,respondent,tarred_damaged,yes,flat_2plus,no,cart_pusher,not_applicable,not_applicable,0_7_days,regularly,3000_4999,no,no,yes,no,no,no,no,no,no,no,no,no,yes,no,3,no,no,,,,4.0,no,S17
R006,2026-10-03,Bucknor,Oshodi-Isolo,respondent,untarred,yes,self_contained,yes,psp_truck,no_schedule,dont_know,over_30_days,regularly,5000_9999,no,no,no,no,no,yes,no,yes,no,no,no,no,no,no,3,no,yes,,,,45.0,yes,S17
R007,2026-10-03,Alakuko,Ifako-Ijaiye,respondent,tarred_good,yes,other,no,psp_truck,fortnightly,2,0_7_days,regularly,dont_know,no,yes,no,no,no,no,no,yes,no,no,no,no,no,no,3,no,yes,2,2,0,4.0,no,S17
R008,2026-10-03,Bodija,Lagos Island,respondent,tarred_good,yes,flat_2plus,yes,psp_truck,monthly,0,over_30_days,regularly,5000_9999,no,no,yes,no,no,no,no,yes,no,no,no,no,no,no,1,no,yes,0,1,1,45.0,yes,S17
R009,2026-10-03,Papa Ajao,Mushin,respondent,tarred_good,yes,flat_2plus,yes,psp_truck,monthly,0,over_30_days,regularly,dont_know,no,no,yes,no,no,no,no,yes,no,no,no,no,no,no,1,no,yes,0,1,1,45.0,yes,S17
R010,2026-10-03,Iyana Ipaja,Alimosho,respondent,tarred_good,yes,shared_room,no,psp_truck,no_schedule,2,8_14_days,sometimes,1000_2999,yes,no,no,no,yes,no,no,no,yes,no,no,no,no,no,4,no,yes,2,,,11.0,no,S17
R011,2026-10-03,Orile,Surulere,respondent,tarred_good,yes,self_contained,no,psp_truck,weekly,1,cant_remember,regularly,dont_know,no,no,yes,no,no,no,no,no,no,no,no,no,no,yes,2,no,yes,1,4,3,,,S17
R012,2026-10-03,Lagos Island,Lagos Island,respondent,tarred_good,yes,flat_2plus,yes,cart_pusher,not_applicable,not_applicable,0_7_days,no,nothing,no,no,yes,no,no,no,no,no,no,no,no,no,yes,no,3,no,no,,,,4.0,no,S17
R013,2026-10-03,Iyana Ipaja,Alimosho,respondent,tarred_damaged,yes,shared_room,no,dump,weekly,0,cant_remember,regularly,3000_4999,no,no,no,no,yes,no,no,yes,no,no,no,no,no,no,1,yes,no,0,4,4,,,S17
R014,2026-10-03,Abule Egba,Ifako-Ijaiye,respondent,untarred,yes,self_contained,yes,psp_truck,no_schedule,dont_know,over_30_days,regularly,10000_plus,yes,no,no,no,no,no,no,no,no,no,no,no,no,yes,4,yes,yes,,,,45.0,yes,S17
R015,2026-10-03,Ijora,Apapa,respondent,tarred_good,yes,shared_room,yes,psp_truck,weekly,dont_know,cant_remember,dont_know,dont_know,no,no,yes,no,no,no,no,no,no,no,no,no,no,yes,3,yes,yes,,4,,,,S17
R016,2026-10-03,Ikorodu,Ikorodu,respondent,tarred_good,yes,flat_2plus,yes,psp_truck,fortnightly,2,0_7_days,regularly,3000_4999,no,no,yes,no,no,no,no,yes,no,no,no,no,no,no,3,yes,yes,2,2,0,4.0,no,S17
R017,2026-10-03,Egbeda,Alimosho,respondent,tarred_good,yes,flat_2plus,no,cart_pusher,fortnightly,2,8_14_days,regularly,3000_4999,no,no,no,yes,no,no,no,yes,no,no,no,no,no,no,3,no,no,2,2,0,11.0,no,S17
R018,2026-10-03,Oko Afo,Badagry,respondent,untarred,no,flat_2plus,yes,burn_bury,no_schedule,not_applicable,never,no,nothing,no,no,no,no,no,no,yes,no,no,no,no,no,no,yes,1,no,no,,,,,yes,S17
R019,2026-10-03,Boardilom,Ibeju-Lekki,respondent,tarred_damaged,yes,shared_room,yes,estate_landlord,monthly,2,over_30_days,regularly,3000_4999,yes,no,no,no,no,no,no,no,yes,no,no,no,no,no,2,no,no,2,1,0,45.0,yes,S17
R020,2026-10-03,School Area,Epe,respondent,untarred,not_sure,shared_room,no,dont_know,dont_know,not_applicable,never,no,nothing,no,no,no,yes,no,no,no,no,no,no,no,yes,no,no,1,no,no,,,,,yes,S17
R021,2026-10-03,Dopemu,Agege,respondent,tarred_good,yes,self_contained,yes,psp_truck,fortnightly,2,8_14_days,regularly,1000_2999,no,yes,no,no,no,no,no,yes,no,no,no,no,no,no,5,yes,yes,2,2,0,11.0,no,S17
R022,2026-10-03,Eti Osa,Eti-Osa,respondent,tarred_damaged,yes,self_contained,yes,cart_pusher,fortnightly,2,over_30_days,regularly,3000_4999,no,yes,no,no,no,no,no,no,yes,no,no,no,no,no,1,no,no,2,2,0,45.0,yes,S17
R023,2026-10-03,Kola,Alimosho,respondent,untarred,yes,flat_2plus,yes,psp_truck,monthly,1,0_7_days,regularly,5000_9999,yes,no,no,no,no,no,no,yes,no,no,no,no,no,no,5,yes,yes,1,1,0,4.0,no,S17
R024,2026-10-03,Alagbado,Alimosho,respondent,tarred_good,yes,flat_2plus,yes,burn_bury,not_applicable,0,never,no,nothing,no,no,no,yes,no,no,no,no,no,no,yes,no,no,no,1,no,no,0,,,,yes,S17
R025,2026-10-03,Command,Alimosho,respondent,untarred,yes,flat_2plus,yes,psp_truck,no_schedule,0,over_30_days,regularly,5000_9999,yes,no,no,no,no,no,no,no,yes,no,no,no,no,no,1,no,yes,0,,,45.0,yes,S17
R026,2026-10-03,Egbeda,Alimosho,respondent,tarred_good,yes,flat_2plus,yes,psp_truck,no_schedule,1,8_14_days,regularly,1000_2999,yes,no,no,no,no,no,no,yes,no,no,no,no,no,no,3,yes,yes,1,,,11.0,no,S17
R027,2026-10-04,Capitol,Agege,respondent,tarred_good,no,shared_room,no,psp_truck,no_schedule,dont_know,cant_remember,regularly,5000_9999,no,yes,no,no,yes,no,no,no,no,no,yes,no,no,no,3,yes,yes,,,,,,S17
R028,2026-10-04,Ogidan Closes Shasha Akowonjo,Alimosho,respondent,untarred,no,self_contained,no,psp_truck,monthly,1,15_30_days,regularly,3000_4999,yes,no,no,no,no,no,no,yes,no,no,no,no,no,no,1,yes,yes,1,1,0,22.5,yes,S17
