run_at,outlet,search_term,pages,found,relevant,status
2026-10-03T17:47:37Z,businessday,LAWMA,1,0,0,blocked by robots.txt or robots.txt unreadable
2026-10-03T17:47:37Z,businessday,Lagos Waste Management Authority,1,0,0,blocked by robots.txt or robots.txt unreadable
2026-10-03T17:47:37Z,businessday,PSP operators,1,0,0,blocked by robots.txt or robots.txt unreadable
2026-10-03T17:47:37Z,businessday,refuse Lagos,1,0,0,blocked by robots.txt or robots.txt unreadable
2026-10-03T17:47:37Z,businessday,waste Lagos,1,0,0,blocked by robots.txt or robots.txt unreadable
2026-10-03T17:47:37Z,businessday,dumpsite Lagos,1,0,0,blocked by robots.txt or robots.txt unreadable
2026-10-03T17:47:37Z,businessday,Olusosun,1,0,0,blocked by robots.txt or robots.txt unreadable
2026-10-03T17:47:37Z,businessday,Solous,1,0,0,blocked by robots.txt or robots.txt unreadable
2026-10-03T17:47:37Z,nannews,LAWMA,12,1113,30,ok
2026-10-03T17:47:37Z,nannews,Lagos Waste Management Authority,1,54,31,ok
2026-10-03T17:47:37Z,nannews,PSP operators,1,20,12,ok
2026-10-03T17:47:37Z,nannews,refuse Lagos,2,103,21,ok
2026-10-03T17:47:37Z,nannews,waste Lagos,4,313,52,ok
2026-10-03T17:47:37Z,nannews,dumpsite Lagos,1,20,11,ok
2026-10-03T17:47:37Z,nannews,Olusosun,1,13,13,ok
2026-10-03T17:47:37Z,nannews,Solous,1,4,4,ok
2026-10-03T18:03:46Z,businessday,LAWMA,57,5632,91,ok
2026-10-03T18:03:46Z,businessday,Lagos Waste Management Authority,3,271,86,ok
2026-10-03T18:03:46Z,businessday,PSP operators,1,72,41,ok
2026-10-03T18:03:46Z,businessday,refuse Lagos,15,1455,46,ok
2026-10-03T18:03:46Z,businessday,waste Lagos,25,2417,153,ok
2026-10-03T18:03:46Z,businessday,dumpsite Lagos,1,58,25,ok
2026-10-03T18:03:46Z,businessday,Olusosun,1,25,25,ok
2026-10-03T18:03:46Z,businessday,Solous,1,6,6,ok
