article_id,outlet,date,url,title,search_terms,text_status,relevance_basis
nannews-4659,nannews,2021-02-14,https://nannews.ng/uk-envoy-assures-of-more-fdi-flow-into-lagos/,UK envoy assures of more FDI flow into Lagos,LAWMA;Olusosun;dumpsite Lagos;refuse Lagos;waste Lagos,saved,full text
businessday-526149,businessday,2021-02-22,https://businessday.ng/news/article/keystone-bank-trainees-donate-street-sweepers-uniforms-to-lawma/,Keystone Bank trainees donate street sweepers’ uniforms to LAWMA,LAWMA;Lagos Waste Management Authority;waste Lagos,saved,full text
businessday-532232,businessday,2021-03-19,https://businessday.ng/columnist/article/but-you-are-rich-man-pikin-why-do-you-care/,But you are ‘Rich man pikin’ – Why do you care?,Olusosun,saved,full text
businessday-539192,businessday,2021-04-19,https://businessday.ng/arts-and-life/article/first-bank-partners-lawma-to-launch-new-sweepers-uniform/,First Bank partners LAWMA to launch new sweepers’ uniform,LAWMA;Lagos Waste Management Authority;waste Lagos,saved,full text
businessday-543495,businessday,2021-05-07,https://businessday.ng/opinion/article/appraising-sanwo-olus-environmental-regeneration-strides/,Appraising Sanwo-Olu’s environmental regeneration strides,Olusosun,saved,full text
businessday-547930,businessday,2021-05-28,https://businessday.ng/companies/article/coca-colas-reswaye-initiative-recovers-159000kg-plastic-waste-along-lagos-coastline/,"Coca-cola’s RESWAYE initiative recovers 159,000kg plastic waste along Lagos coastline",waste Lagos,saved,full text
businessday-562942,businessday,2021-08-05,https://businessday.ng/news/article/lagos-to-transform-3-dumpsites-with-n3bn-investment/,Lagos to transform 3 dumpsites with N3bn investment,LAWMA;Olusosun;Solous;dumpsite Lagos;waste Lagos,saved,full text
businessday-565943,businessday,2021-08-18,https://businessday.ng/companies/article/fcmb-offers-n3bn-credit-line-to-waste-managers-in-lagos/,FCMB offers N3bn credit line to waste managers in Lagos,LAWMA;PSP operators;waste Lagos,saved,full text
businessday-582320,businessday,2021-10-18,https://businessday.ng/agriculture/article/world-food-day-traders-get-plastic-crates-from-vendease-to-curb-losses/,World Food Day: Traders get plastic crates from Vendease to curb losses,waste Lagos,saved,full text
businessday-585603,businessday,2021-10-28,https://businessday.ng/health/article/access-bank-marks-breast-cancer-awareness-month-with-free-treatment-for-lawma-staff/,Access Bank marks breast cancer awareness month with free treatment for LAWMA staff,LAWMA;Lagos Waste Management Authority;waste Lagos,saved,full text
businessday-591422,businessday,2021-11-17,https://businessday.ng/maritime/article/apm-terminals-apapa-cuts-plastic-waste-by-over-400000-bottles-yearly/,"APM Terminals Apapa cuts plastic waste by over 400,000 bottles yearly",LAWMA;refuse Lagos;waste Lagos,saved,full text
businessday-594864,businessday,2021-11-26,https://businessday.ng/news/article/sanwo-olus-wife-others-task-market-leaders-on-sanitation-security/,"Sanwo-Olu’s wife, others task market leaders on sanitation, security",LAWMA;Lagos Waste Management Authority;waste Lagos,saved,full text
businessday-609792,businessday,2022-01-24,https://businessday.ng/news/article/lawma-rids-lekki-corridor-of-wastes-warns-street-traders/,"LAWMA rids Lekki corridor of wastes, warns street traders",LAWMA;Lagos Waste Management Authority;PSP operators;refuse Lagos;waste Lagos,saved,full text
businessday-615889,businessday,2022-02-15,https://businessday.ng/news/article/landbrick-properties-celebrates-valentines-day-with-lawma/,Landbrick Properties celebrates Valentine’s Day with LAWMA,LAWMA;Lagos Waste Management Authority;waste Lagos,saved,full text
businessday-616211,businessday,2022-02-16,https://businessday.ng/news/article/lawma-intensifies-fumigation-of-landfills-in-lagos/,LAWMA intensifies fumigation of landfills in Lagos,LAWMA;Lagos Waste Management Authority;Solous;dumpsite Lagos;refuse Lagos;waste Lagos,saved,full text
businessday-618505,businessday,2022-02-23,https://businessday.ng/news/article/how-strategic-waste-recycling-can-promote-green-lagos/,How strategic waste recycling can promote green Lagos,LAWMA;Lagos Waste Management Authority;PSP operators;refuse Lagos;waste Lagos,saved,full text
businessday-628281,businessday,2022-03-23,https://businessday.ng/energy/article/lagos-sets-pace-in-turning-trash-to-treasure/,Lagos sets pace in turning trash to treasure,LAWMA;Lagos Waste Management Authority;PSP operators;refuse Lagos;waste Lagos,saved,full text
businessday-633609,businessday,2022-04-08,https://businessday.ng/news/article/waste-lawma-wants-engineers-to-fabricate-local-bailing-machines/,Waste: LAWMA wants engineers to fabricate local bailing machines,LAWMA;Lagos Waste Management Authority;waste Lagos,saved,full text
businessday-639759,businessday,2022-04-30,https://businessday.ng/news/article/eid-el-fitr-lawma-tasks-lagosians-on-environmental-sustainability/,Eid-el-Fitr: LAWMA tasks Lagosians on environmental sustainability,LAWMA;Lagos Waste Management Authority;PSP operators;waste Lagos,saved,full text
businessday-640387,businessday,2022-05-04,https://businessday.ng/news/article/lawma-warns-against-attack-on-personnel/,LAWMA warns against attack on personnel,LAWMA;Lagos Waste Management Authority;waste Lagos,saved,full text
businessday-645653,businessday,2022-05-23,https://businessday.ng/news/article/refuse-lawma-goes-after-cart-pushers/,Refuse: LAWMA goes after cart pushers,LAWMA;Lagos Waste Management Authority;PSP operators;refuse Lagos;waste Lagos,saved,full text
businessday-663207,businessday,2022-07-27,https://businessday.ng/companies/article/circular-lagos-looplab-displays-innovators-creating-businesses-from-waste/,Circular Lagos: LOOPLab displays innovators creating businesses from waste,waste Lagos,saved,full text
businessday-664484,businessday,2022-07-29,https://businessday.ng/news/article/lawma-academy-holds-summer-school-for-children/,LAWMA academy holds summer school for children,LAWMA;Lagos Waste Management Authority;waste Lagos,saved,full text
businessday-667884,businessday,2022-08-12,https://businessday.ng/news/article/lawma-boss-points-way-forward-for-waste-management-in-lagos/,LAWMA boss points way forward for waste management in Lagos,LAWMA;Lagos Waste Management Authority;PSP operators;refuse Lagos;waste Lagos,saved,full text
businessday-668352,businessday,2022-08-15,https://businessday.ng/news/article/lawma-mulls-50-increase-in-waste-collection-bill-on-diesel-price-hike/,LAWMA mulls 50% increase in waste collection bill on diesel price hike,LAWMA;Lagos Waste Management Authority;PSP operators;refuse Lagos;waste Lagos,saved,full text
businessday-672449,businessday,2022-09-01,https://businessday.ng/news/article/lawma-urges-residents-to-pay-waste-bills-for-cleaner-livable-environment/,"LAWMA urges residents to pay waste bills for cleaner, livable environment",LAWMA;Lagos Waste Management Authority;PSP operators;refuse Lagos;waste Lagos,saved,full text
businessday-675318,businessday,2022-09-14,https://businessday.ng/business-economy/article/diesel-price-threatens-waste-disposal-operations-in-lagos/,Diesel price threatens waste disposal operations in Lagos,LAWMA;Olusosun;PSP operators;dumpsite Lagos;refuse Lagos;waste Lagos,saved,full text
businessday-676202,businessday,2022-09-17,https://businessday.ng/interview/enterpreneur/article/giz-trains-youths-women-in-plastic-waste-recycling-business/,"GIZ trains youths, women in plastic waste recycling business",waste Lagos,saved,full text
businessday-676384,businessday,2022-09-19,https://businessday.ng/news/article/lawma-to-shut-down-ladipo-oyingbo-markets-for-indiscriminate-waste-dumping/,"LAWMA to shut down Ladipo, Oyingbo markets for indiscriminate waste dumping",LAWMA;Lagos Waste Management Authority;refuse Lagos;waste Lagos,saved,full text
businessday-676443,businessday,2022-09-19,https://businessday.ng/news/article/lasepa-dispenses-eco-friendly-materials-exchanges-trash-for-cash-in-itedo-community/,"LASEPA dispenses eco-friendly materials, exchanges ‘trash for cash’ in Itedo community",LAWMA;Lagos Waste Management Authority;waste Lagos,saved,full text
businessday-682936,businessday,2022-10-14,https://businessday.ng/news/article/meet-dozie-igweilo-entrepreneur-turning-e-waste-into-solar-powered-lanterns/,"Meet Dozie Igweilo, entrepreneur turning e-waste into solar-powered lanterns",waste Lagos,saved,full text
businessday-684847,businessday,2022-10-21,https://businessday.ng/news/article/lawma-md-urges-residents-to-join-fight-against-marine-waste-pollution/,LAWMA MD urges residents to join fight against marine waste pollution,LAWMA;Lagos Waste Management Authority;waste Lagos,saved,full text
businessday-686061,businessday,2022-10-27,https://businessday.ng/news/article/high-cost-of-living-threatens-psp-operations-in-lagos/,High cost of living threatens PSP operations in Lagos,LAWMA;Lagos Waste Management Authority;PSP operators;waste Lagos,saved,full text
businessday-692657,businessday,2022-11-28,https://businessday.ng/news/article/lagos-set-to-unveil-new-policy-on-waste-management/,Lagos set to unveil new policy on waste management,waste Lagos,saved,full text
nannews-259,nannews,2023-01-19,https://nannews.ng/sanwo-olu-promises-increased-salary-for-waste-managers/,Sanwo-Olu promises increased salary for waste managers,LAWMA;Lagos Waste Management Authority;waste Lagos,saved,full text
businessday-705208,businessday,2023-02-01,https://businessday.ng/aviation/article/lagos-airport-risks-bird-strikes-air-pollution-as-refuse-piles/,"Lagos airport risks bird strikes, air pollution as refuse piles",Lagos Waste Management Authority;refuse Lagos;waste Lagos,saved,full text
nannews-770,nannews,2023-02-08,https://nannews.ng/sanwo-olu-increases-sanitation-workers-salary-by-20/,Sanwo-Olu increases sanitation workers salary by 20%,LAWMA;Lagos Waste Management Authority;waste Lagos,saved,full text
businessday-708989,businessday,2023-02-17,https://businessday.ng/news/article/lawma-lotus-bank-partner-on-empowerment-programme-for-widows/,"LAWMA, Lotus Bank partner on empowerment programme for widows",LAWMA;Lagos Waste Management Authority;Olusosun;waste Lagos,saved,full text
businessday-714359,businessday,2023-03-12,https://businessday.ng/news/article/sanwo-olu-to-aid-psps-recapitalise-empower-waste-recyclers/,"Sanwo-Olu to aid PSPs recapitalise, empower waste recyclers",LAWMA;Lagos Waste Management Authority;PSP operators;waste Lagos,saved,full text
businessday-717363,businessday,2023-03-23,https://businessday.ng/news/article/lawma-partners-firms-in-csr-to-lagos-communities/,LAWMA partners firms in CSR to Lagos communities,LAWMA;Lagos Waste Management Authority;waste Lagos,saved,full text
businessday-726567,businessday,2023-05-03,https://businessday.ng/business-economy/article/households-waste-bill-rises-50-as-cost-of-living-bites/,Households waste bill rises 50% as cost of living bites,LAWMA;Lagos Waste Management Authority;PSP operators;refuse Lagos;waste Lagos,saved,full text
businessday-727325,businessday,2023-05-06,https://businessday.ng/news/article/lagos-state-lauds-wastexchange-urges-residents-to-embrace-waste-mgt-way/,"Lagos State lauds WasteXchange, urges residents to embrace waste mgt way",dumpsite Lagos;waste Lagos,saved,full text
nannews-6093,nannews,2023-06-11,https://nannews.ng/environment-waste-is-wealth-its-management-necessary-says-expert/,"Environment: Waste is wealth, its management necessary, says expert",LAWMA;Lagos Waste Management Authority;waste Lagos,saved,full text
businessday-737545,businessday,2023-06-15,https://businessday.ng/companies/article/crusadersterling-pensions-cpl-supports-lawma-on-world-environment-day/,CrusaderSterling Pensions (CPL) supports LAWMA on World Environment Day,LAWMA;Lagos Waste Management Authority;waste Lagos,saved,full text
businessday-745608,businessday,2023-07-21,https://businessday.ng/news/article/lagos-netherlands-others-partner-on-waste-to-wealth-programme/,"Lagos, Netherlands, others partner on waste-to-wealth programme",waste Lagos,saved,full text
businessday-748272,businessday,2023-07-31,https://businessday.ng/real-estate/article/ikoyi-secretariat-eyes-on-tinubu-to-end-waste/,Ikoyi Secretariat: Eyes on Tinubu to end waste,waste Lagos,saved,full text
nannews-14328,nannews,2023-09-07,https://nannews.ng/female-engineers-seek-take-over-of-lagos-olusosun-dumpsite/,Female engineers seek take over of Lagos Olusosun dumpsite,Olusosun;dumpsite Lagos;waste Lagos,saved,full text
businessday-762803,businessday,2023-09-15,https://businessday.ng/news/article/recycling-alliance-lagos-state-government-tackle-packaging-waste-pollution/,"Recycling alliance, Lagos State Government tackle packaging waste pollution",waste Lagos,saved,full text
nannews-16074,nannews,2023-09-21,https://nannews.ng/plastic-pollution-lagos-recyclers-seek-protection-of-marine-ecosystem/,Plastic Pollution: Lagos recyclers seek protection of marine ecosystem,LAWMA;Lagos Waste Management Authority;waste Lagos,saved,full text
nannews-16409,nannews,2023-09-23,https://nannews.ng/nimasa-donates-1800-protective-kits-to-lawma/,NIMASA donates 1800 protective kits to LAWMA,LAWMA;Lagos Waste Management Authority;waste Lagos,saved,full text
businessday-766158,businessday,2023-09-26,https://businessday.ng/maritime/article/nimasa-supports-proper-waste-management-in-lagos/,NIMASA supports proper waste management in Lagos,LAWMA;Lagos Waste Management Authority;refuse Lagos;waste Lagos,saved,full text
businessday-766633,businessday,2023-09-28,https://businessday.ng/companies/article/traders-revenue-suffers-as-lawma-seals-oyingbo-alayabiagba-markets/,"Traders’ revenue suffers as LAWMA seals Oyingbo, Alayabiagba markets",LAWMA;Lagos Waste Management Authority;refuse Lagos;waste Lagos,saved,full text
businessday-766675,businessday,2023-09-28,https://businessday.ng/news/article/unilever-staff-partners-donate-waste-bins-to-lagos-school/,"Unilever staff, partners donate waste bins to Lagos school",waste Lagos,saved,full text
businessday-767150,businessday,2023-09-29,https://businessday.ng/news/article/church-partners-lawma-laspem-others-to-beautify-lekki-freedom-way/,"Church partners LAWMA, LASPEM, others to beautify Lekki Freedom way",LAWMA;Lagos Waste Management Authority;waste Lagos,saved,full text
businessday-768036,businessday,2023-10-03,https://businessday.ng/news/article/lawma-seals-alamutu-in-crackdown-on-poor-sanitary-conditions-in-markets/,LAWMA seals Alamutu in crackdown on poor sanitary conditions in markets,LAWMA;Lagos Waste Management Authority;waste Lagos,saved,full text
businessday-769894,businessday,2023-10-09,https://businessday.ng/uncategorized/article/769894-lagos/,Lagos markets reopened after cleaning up their act,LAWMA;Lagos Waste Management Authority;PSP operators;waste Lagos,saved,full text
businessday-769910,businessday,2023-10-09,https://businessday.ng/news/article/lagos-reopens-ladipo-oyingbo-other-shut-markets/,"Lagos reopens Ladipo, Oyingbo, other shut markets",LAWMA;Lagos Waste Management Authority;PSP operators;waste Lagos,saved,full text
businessday-779412,businessday,2023-11-04,https://businessday.ng/bd-weekender/sports-bd-weekender/article/rags-to-riches-unforgettable-fairytales-of-footballers/,Rags to riches: Unforgettable fairytales of footballers,Olusosun,saved,full text
businessday-779939,businessday,2023-11-06,https://businessday.ng/companies/article/alternative-bank-introduces-wastebanc-announces-partnership-with-lawma/,"Alternative Bank introduces ‘Wastebanc’, announces partnership with LAWMA",LAWMA;Lagos Waste Management Authority;waste Lagos,saved,full text
businessday-783889,businessday,2023-11-18,https://businessday.ng/news/article/10-things-lawma-workers-wish-you-knew/,10 Things LAWMA workers wish you knew,LAWMA;waste Lagos,saved,full text
businessday-784446,businessday,2023-11-21,https://businessday.ng/opinion/article/addressing-nigerias-sanitation-crisis-battling-open-defecation-in-lagos/,Addressing Nigeria’s sanitation crisis: Battling open defecation in Lagos,waste Lagos,saved,full text
nannews-241488,nannews,2023-11-26,https://nannews.ng/cleaner-energy-oba-elegushi-empowers-community-donates-gas-cylinders/,"Cleaner Energy: Oba Elegushi empowers community, donates gas cylinders",LAWMA;Lagos Waste Management Authority;refuse Lagos;waste Lagos,saved,full text
businessday-791561,businessday,2023-12-16,https://businessday.ng/bd-weekender/sports-bd-weekender/article/from-street-hawker-to-african-king-the-rise-of-victor-osimhen/,From street hawker to African King- The rise of Victor Osimhen,Olusosun;dumpsite Lagos,saved,full text
businessday-802956,businessday,2024-01-24,https://businessday.ng/companies/article/lawma-occe-to-tackle-climate-change-challenges/,"LAWMA, OCCE to tackle climate change challenges",LAWMA;Lagos Waste Management Authority;waste Lagos,saved,full text
businessday-804631,businessday,2024-01-29,https://businessday.ng/news/article/lagos-waste-mgt-fight-gets-boosts-from-seepco-adopt-a-waste-bin-initiative/,Lagos waste mgt fight get boosts from SEEPCO ‘Adopt a Waste Bin’ Initiative,waste Lagos,saved,full text
businessday-807918,businessday,2024-02-08,https://businessday.ng/agriculture/article/lagos-niger-kwara-partner-to-boost-food-supply-reduce-waste/,"Lagos, Niger, Kwara partner to boost food supply, reduce waste",waste Lagos,saved,full text
businessday-811510,businessday,2024-02-19,https://businessday.ng/news/article/lagos-communities-offered-opportunity-to-earn-extra-income-on-nbcs-trash-for-cash-initiative/,Lagos communities offered opportunity to earn extra income on NBC’s ‘Trash for Cash’ initiative,waste Lagos,saved,full text
businessday-814008,businessday,2024-02-26,https://businessday.ng/news/article/lasg-jospong-sign-mou-on-waste-management/,"LASG, Jospong sign MoU on waste management",PSP operators;waste Lagos,saved,full text
businessday-814218,businessday,2024-02-27,https://businessday.ng/news/article/lasg-jospong-sign-mou-on-waste-management-2/,"LASG, Jospong sign MoU on waste management",PSP operators;waste Lagos,saved,full text
nannews-252178,nannews,2024-03-22,https://nannews.ng/world-water-day-lagos-unveils-new-wash-policy/,World Water Day: Lagos unveils new WASH policy,waste Lagos,saved,full text
businessday-826153,businessday,2024-04-03,https://businessday.ng/maritime/article/apm-terminals-apapa-recycles-used-lubricants-ppes-to-reduce-waste/,"APM Terminals Apapa recycles used lubricants, PPEs to reduce waste",Lagos Waste Management Authority;waste Lagos,saved,full text
businessday-838605,businessday,2024-05-05,https://businessday.ng/news/article/foundation-lawma-conduct-street-hygiene-cleanliness-campaign-in-lagos/,"Foundation, LAWMA conduct ‘street hygiene & cleanliness’ campaign in Lagos",LAWMA;Lagos Waste Management Authority;waste Lagos,saved,full text
nannews-257682,nannews,2024-05-18,https://nannews.ng/upcycling-waste-spurs-art-farming-among-lagos-students/,"Upcycling waste spurs art, farming among Lagos students",LAWMA;Lagos Waste Management Authority;dumpsite Lagos;waste Lagos,saved,full text
nannews-259462,nannews,2024-06-02,https://nannews.ng/uwgn-creative-colony-educate-students-on-transforming-trash-to-art/,"UWGN, Creative Colony, educate students on transforming trash to art",waste Lagos,saved,full text
businessday-849202,businessday,2024-06-06,https://businessday.ng/news/article/how-lagos-entrepreneur-turns-plastic-waste-into-sustainable-buttons/,How Lagos entrepreneur turns plastic waste into sustainable buttons,waste Lagos,saved,full text
businessday-853612,businessday,2024-06-20,https://businessday.ng/news/article/cholera-lawma-tasks-residents-on-personal-domestic-hygiene/,"Cholera: LAWMA tasks residents on personal, domestic hygiene",LAWMA;Lagos Waste Management Authority;PSP operators;refuse Lagos;waste Lagos,saved,full text
businessday-859742,businessday,2024-07-08,https://businessday.ng/news/article/fg-warns-ebonyi-residents-against-waste-dumping-on-drainages-waterways/,"FG warns Ebonyi residents against waste dumping on drainages, waterways",waste Lagos,saved,full text
businessday-864118,businessday,2024-07-21,https://businessday.ng/life/article/lasaco-assurance-others-provide-protective-wears-for-lawma-workers/,"Lasaco Assurance, others provide protective wears for LAWMA workers",LAWMA;Lagos Waste Management Authority;waste Lagos,saved,full text
businessday-865425,businessday,2024-07-24,https://businessday.ng/news/article/breaking-lasg-putting-up-plan-for-3gw-of-renewal-energy-gas-waste-to-energy-in-two-years/,"BREAKING: LASG putting up plan for 3GW of renewal energy, gas & waste-to-energy in two years",waste Lagos,saved,full text
businessday-865667,businessday,2024-07-25,https://businessday.ng/news/article/lagos-eyes-electric-powered-ferries-from-e410m-world-bank-backed-project/,Lagos eyes electric-powered ferries from €410m World Bank-backed project,waste Lagos,saved,full text
businessday-866601,businessday,2024-07-27,https://businessday.ng/news/article/lagos-waste-to-energy-plant-faces-opposition-from-environmentalists/,Lagos waste-to-energy plant faces opposition from environmentalists,waste Lagos,saved,full text
businessday-879417,businessday,2024-09-02,https://businessday.ng/energy/article/lagos-launches-reward-scheme-for-waste-recycling-to-boost-economy/,Lagos launches reward scheme for waste recycling to boost economy,waste Lagos,saved,full text
businessday-879302,businessday,2024-09-03,https://businessday.ng/news/article/lagos-launches-reward-scheme-for-waste-recycling-to-boost-circular-economy/,Lagos launches reward scheme for waste recycling to boost circular economy,waste Lagos,saved,full text
businessday-882810,businessday,2024-09-12,https://businessday.ng/news/article/sanwo-olu-harps-on-eco-friendly-food-packaging-to-reduce-waste/,Sanwo-Olu harps on eco-friendly food packaging to reduce waste,LAWMA;Lagos Waste Management Authority;waste Lagos,saved,full text
businessday-892779,businessday,2024-10-09,https://businessday.ng/news/article/clean-energy-key-to-africas-socioeconomic-development-says-lawma-md/,"Clean energy key to Africa’s socioeconomic development, says LAWMA MD",LAWMA;Lagos Waste Management Authority;refuse Lagos;waste Lagos,saved,full text
businessday-896517,businessday,2024-10-19,https://businessday.ng/news/article/lawma-unveils-plans-for-strategic-waste-management-in-lagos/,LAWMA unveils plans for strategic waste management in Lagos,LAWMA;Lagos Waste Management Authority;PSP operators;waste Lagos,saved,full text
businessday-896970,businessday,2024-10-20,https://businessday.ng/news/article/lagos-taps-private-sector-to-harness-opportunity-in-circular-economy/,Lagos taps private sector to harness opportunity in circular economy,waste Lagos,saved,full text
businessday-899274,businessday,2024-10-27,https://businessday.ng/life/article/has-lawma-gone-to-sleep/,Has LAWMA gone to sleep?,LAWMA;Lagos Waste Management Authority;PSP operators;dumpsite Lagos;refuse Lagos;waste Lagos,saved,full text
businessday-901779,businessday,2024-11-01,https://businessday.ng/agriculture/article/firms-move-to-convert-organic-waste-into-biogas/,Firms move to convert organic waste into biogas,LAWMA;Lagos Waste Management Authority;waste Lagos,saved,full text
businessday-906636,businessday,2024-11-15,https://businessday.ng/news/article/sanwo-olu-calls-for-innovation-in-agric-value-chain-to-curb-food-wastage/,Sanwo-Olu calls for innovation in agric value-chain to curb food wastage,waste Lagos,saved,full text
businessday-910126,businessday,2024-11-25,https://businessday.ng/news/article/lawma-advocates-environmental-sustainability-through-waste-recycling/,LAWMA advocates environmental sustainability through waste recycling,LAWMA;Lagos Waste Management Authority;refuse Lagos;waste Lagos,saved,full text
businessday-911706,businessday,2024-11-29,https://businessday.ng/news/article/lagos-environment-commissioner-tasks-lagosians-on-cleanliness/,Lagos environment commissioner tasks Lagosians on cleanliness,PSP operators;waste Lagos,saved,full text
businessday-912761,businessday,2024-12-02,https://businessday.ng/news/article/sanwo-olu-highlights-waste-to-wealth-opportunities-invites-investors/,"Sanwo-Olu highlights waste-to-wealth opportunities, invites investors",LAWMA;Lagos Waste Management Authority;waste Lagos,saved,full text
businessday-919886,businessday,2024-12-23,https://businessday.ng/news/article/festivities-lawma-warns-against-improper-waste-disposal/,Festivities: LAWMA warns against improper waste disposal,LAWMA;Lagos Waste Management Authority;waste Lagos,saved,full text
businessday-920340,businessday,2024-12-26,https://businessday.ng/opinion/article/waste-management-interventions-funding-commercial-goal-or-behaviour-change-focus/,Waste management interventions funding: Commercial goal or behaviour change focus?,waste Lagos,saved,full text
nannews-272019,nannews,2025-01-01,https://nannews.ng/association-gives-unregistered-scrap-waste-dealers-2-week-ultimatum/,"Association gives unregistered scrap, waste dealers 2-week ultimatum",waste Lagos,saved,full text
businessday-934534,businessday,2025-02-04,https://businessday.ng/news/article/lawma-intensifies-enforcement-to-curb-indiscriminate-waste-disposal-in-lagos/,LAWMA intensifies enforcement to curb indiscriminate waste disposal in Lagos,LAWMA;Lagos Waste Management Authority;PSP operators;dumpsite Lagos;waste Lagos,saved,full text
businessday-938510,businessday,2025-02-14,https://businessday.ng/news/article/lawma-sets-to-prosecute-property-owners-involved-in-illegal-recycling/,LAWMA sets to prosecute property owners involved in illegal recycling,LAWMA;Lagos Waste Management Authority;waste Lagos,saved,full text
nannews-274214,nannews,2025-02-24,https://nannews.ng/lawma-to-upgrade-waste-management-with-100-cng-compactors/,LAWMA to upgrade waste management with 100 CNG compactors,LAWMA;Lagos Waste Management Authority;PSP operators;waste Lagos,saved,full text
businessday-950098,businessday,2025-03-13,https://businessday.ng/news/article/lawma-addresses-wage-concerns-after-viral-video-sparks-outrage/,LAWMA addresses wage concerns after viral video sparks outrage,LAWMA;Lagos Waste Management Authority;waste Lagos,saved,full text
businessday-950787,businessday,2025-03-16,https://businessday.ng/life/article/lagosians-worry-over-psp-operators-disregard-for-basic-hygiene/,Lagosians worry over PSP operators’ disregard for basic hygiene,PSP operators;refuse Lagos;waste Lagos,saved,full text
businessday-952187,businessday,2025-03-20,https://businessday.ng/news/article/global-recycling-day-unilags-afretec-unveils-waste-to-wealth-initiative/,Global Recycling Day: Unilag’s AFRETEC unveils waste to wealth initiative,LAWMA;Lagos Waste Management Authority;Olusosun;waste Lagos,saved,full text
businessday-952245,businessday,2025-03-20,https://businessday.ng/opinion/article/scaling-up-solid-waste-management-for-a-sustainable-lagos-the-lafarge-lasg-partnership/,Scaling up solid waste management for a sustainable Lagos: The LAFARGE-LASG partnership,LAWMA;Lagos Waste Management Authority;waste Lagos,saved,full text
businessday-952716,businessday,2025-03-20,https://businessday.ng/news/article/lagos-stinks-says-gbadebo-rhodes-vivour-as-he-unveils-11-point-environmental-action-plan/,"“Lagos stinks,” says Gbadebo Rhodes-Vivour as he unveils 11-point environmental action plan",Olusosun,saved,full text
nannews-276190,nannews,2025-03-23,https://nannews.ng/lagos-evolving-not-smelling-commissioner/,"Lagos evolving, not smelling — Commissioner",Lagos Waste Management Authority;Olusosun;Solous;waste Lagos,saved,full text
businessday-954794,businessday,2025-03-26,https://businessday.ng/sponsored/article/circular-economy-stakeholders-call-for-structure-identity-and-inclusion-of-waste-pickers-at-lagos-informal-sector-workshop/,"Circular Economy Stakeholders Call for Structure, Identity, and Inclusion of Waste Pickers at Lagos Informal Sector Workshop",LAWMA;waste Lagos,saved,full text
nannews-276546,nannews,2025-03-28,https://nannews.ng/lawma-lauds-fabe-on-promoting-eco-consciousness-among-schoolchildren/,LAWMA lauds FABE on promoting eco-consciousness among schoolchildren,LAWMA;Lagos Waste Management Authority;waste Lagos,saved,full text
nannews-276553,nannews,2025-03-28,https://nannews.ng/nan-lawma-partner-to-deepen-waste-management-advocacy/,"NAN, LAWMA partner to deepen waste management advocacy",LAWMA;Lagos Waste Management Authority;dumpsite Lagos;waste Lagos,saved,full text
nannews-276811,nannews,2025-03-31,https://nannews.ng/lawma-targets-2-5bn-annually-from-circular-economy/,LAWMA targets $2.5bn annually from circular economy,LAWMA;Lagos Waste Management Authority;waste Lagos,saved,full text
nannews-276824,nannews,2025-03-31,https://nannews.ng/ondo-environmentalists-take-campaign-against-wildlife-extinction-to-lagos/,Ondo environmentalists take campaign against wildlife extinction to Lagos,refuse Lagos;waste Lagos,saved,full text
nannews-276842,nannews,2025-03-31,https://nannews.ng/waste-management-lagos-to-establish-material-recovery-facility-at-badagry/,Waste management: Lagos to establish material recovery facility at Badagry,LAWMA;Lagos Waste Management Authority;Olusosun;dumpsite Lagos;waste Lagos,saved,full text
businessday-963339,businessday,2025-04-14,https://businessday.ng/news/article/unilag-plans-seminar-on-managing-nigerias-yearly-32m-tonnes-of-waste/,UNILAG plans seminar on managing Nigeria’s yearly 32m tonnes of waste,waste Lagos,saved,full text
businessday-965078,businessday,2025-04-18,https://businessday.ng/news/article/unilag-seeks-solution-to-nigerias-32m-tons-of-waste-pollution/,Unilag seeks solution to Nigeria’s 32m tons of waste pollution,LAWMA;waste Lagos,saved,full text
businessday-966535,businessday,2025-04-22,https://businessday.ng/uncategorized/article/lawma-arrests-300-for-waste-disposal-offence/,LAWMA arrests 300 for waste disposal offence,LAWMA;Lagos Waste Management Authority;PSP operators;dumpsite Lagos;waste Lagos,saved,full text
businessday-967675,businessday,2025-04-25,https://businessday.ng/news/article/lagos-to-establish-e-waste-smelting-plant/,Lagos to establish e-waste smelting plant,waste Lagos,saved,full text
businessday-976215,businessday,2025-05-18,https://businessday.ng/news/article/glo-foundation-hosts-day-of-fun-for-lawma-workers/,Glo Foundation hosts day of fun for LAWMA workers,LAWMA;Lagos Waste Management Authority;waste Lagos,saved,full text
businessday-978407,businessday,2025-05-23,https://businessday.ng/sponsored/article/from-plastic-waste-to-luxury-estates-the-rise-of-sir-chigozie-chukwudi-okafor-nigerias-dynatech-boss/,"From Plastic Waste to Luxury Estates: The Rise of Sir Chigozie Chukwudi Okafor, Nigeria’s Dynatech Boss",waste Lagos,saved,full text
businessday-979455,businessday,2025-05-27,https://businessday.ng/opinion/article/lagoss-smell-isnt-the-waste-its-your-mindset/,Lagos’s smell isn’t the waste; it’s your mindset,LAWMA;refuse Lagos;waste Lagos,saved,full text
businessday-979741,businessday,2025-05-27,https://businessday.ng/news/article/lagos-to-shut-down-olusosun-igando-dumpsites-in-major-waste-reform-deal/,"Lagos to shut down Olusosun, Igando dumpsites in major waste reform deal",Olusosun;Solous;dumpsite Lagos;waste Lagos,saved,full text
businessday-979961,businessday,2025-05-27,https://businessday.ng/news/article/lagos-partners-ghana-on-waste-reform/,Lagos partners Ghana on waste reform,waste Lagos,saved,full text
businessday-982557,businessday,2025-06-03,https://businessday.ng/maritime/article/apm-terminals-givo-tackle-plastic-pollution-with-apapa-recycling-facility/,"APM Terminals, GIVO tackle plastic pollution with Apapa recycling facility",waste Lagos,saved,full text
nannews-283832,nannews,2025-06-04,https://nannews.ng/community-hygiene-oba-elegushi-urges-govt-to-reinstate-monthly-sanitation/,Community hygiene: Oba Elegushi urges govt. to reinstate monthly sanitation,LAWMA;Lagos Waste Management Authority;waste Lagos,saved,full text
businessday-984526,businessday,2025-06-09,https://businessday.ng/opinion/article/fixing-urban-sanitation-in-lagos-why-data-is-the-missing-ingredient/,Fixing urban sanitation in Lagos: Why data is the missing ingredient,Lagos Waste Management Authority;waste Lagos,saved,full text
businessday-984575,businessday,2025-06-09,https://businessday.ng/news/article/50-of-lagos-waste-can-be-converted-into-biogas-lawma/,50% of Lagos waste can be converted into biogas – LAWMA,LAWMA;Lagos Waste Management Authority;Olusosun;waste Lagos,saved,full text
businessday-984820,businessday,2025-06-09,https://businessday.ng/companies/article/world-environment-day-stl-capital-group-drives-plastic-waste-awareness-in-lagos-market/,World Environment Day: STL Capital Group drives plastic waste awareness in Lagos market,LAWMA;Lagos Waste Management Authority;waste Lagos,saved,full text
businessday-987929,businessday,2025-06-18,https://businessday.ng/companies/article/world-environment-day-ashcorp-leads-plastic-recycling-effort-in-partnership-with-lawma/,World Environment Day: Ashcorp leads plastic recycling effort in partnership with LAWMA,LAWMA;Lagos Waste Management Authority;refuse Lagos;waste Lagos,saved,full text
nannews-288767,nannews,2025-07-15,https://nannews.ng/giz-unveils-hi-tech-device-for-waste-disposal/,GIZ unveils hi-tech device for waste disposal,waste Lagos,saved,full text
businessday-999664,businessday,2025-07-20,https://businessday.ng/news/article/lawma-street-sweepers-graduate-from-glo-skillbridge-training/,LAWMA street sweepers graduate from Glo Skillbridge training,LAWMA;Lagos Waste Management Authority;waste Lagos,saved,full text
nannews-289713,nannews,2025-07-24,https://nannews.ng/sradev-unveils-zero-waste-marshals-in-lagos-schools/,SRADev unveils zero waste marshals in Lagos schools,dumpsite Lagos;waste Lagos,saved,full text
businessday-1006441,businessday,2025-08-06,https://businessday.ng/education/article/unilag-lawma-join-forces-to-deepen-capacity-of-waste-collectors/,"UNILAG, LAWMA join forces to deepen capacity of waste collectors",LAWMA;Lagos Waste Management Authority;dumpsite Lagos;waste Lagos,saved,full text
businessday-1009614,businessday,2025-08-14,https://businessday.ng/transport/article/aspira-partners-lawma-to-empower-sanitation-workers-in-lagos/,Aspira partners LAWMA to empower sanitation workers in Lagos,LAWMA;Lagos Waste Management Authority;waste Lagos,saved,full text
businessday-1014412,businessday,2025-08-26,https://businessday.ng/news/article/gbadegesin-ajayi-to-lead-discussion-at-pewans-annual-lecture/,"Gbadegesin, Ajayi to lead discussion at PEWAN’s annual lecture",LAWMA;Lagos Waste Management Authority;waste Lagos,saved,full text
businessday-1014434,businessday,2025-08-26,https://businessday.ng/news/article/lasg-taps-private-sector-for-construction-waste-management/,"LASG taps private sector for construction, waste management",LAWMA;Lagos Waste Management Authority;waste Lagos,saved,full text
businessday-1015406,businessday,2025-08-29,https://businessday.ng/news/article/lawma-academy-trains-youngsters-on-waste-recycling-management/,"LAWMA Academy trains youngsters on waste recycling, management",LAWMA;Lagos Waste Management Authority;waste Lagos,saved,full text
businessday-1016101,businessday,2025-08-31,https://businessday.ng/news/article/federal-lagos-governments-urged-to-fund-market-sanitation/,"Federal, Lagos governments urged to fund market sanitation",waste Lagos,saved,full text
businessday-1017184,businessday,2025-09-03,https://businessday.ng/opinion/article/lagos-battles-plastic-waste-as-fears-of-cash-cow-emerge/,Lagos battles plastic waste as fears of cash cow emerge,waste Lagos,saved,full text
businessday-1027036,businessday,2025-09-28,https://businessday.ng/news/article/stakeholders-advocate-proper-sanitation-in-lagos-markets/,Stakeholders advocate proper sanitation in Lagos markets,waste Lagos,saved,full text
businessday-1027794,businessday,2025-09-30,https://businessday.ng/news/article/umahi-says-50-year-old-refuse-dump-stalled-lagos-calabar-coastal-highway/,Umahi says 50-year-old refuse dump stalled Lagos-Calabar coastal highway,dumpsite Lagos;refuse Lagos;waste Lagos,saved,full text
businessday-1040039,businessday,2025-10-27,https://businessday.ng/news/article/lasg-backs-creditpros-endplasticpollution-campaign-to-tackle-13000-tonnes-daily-waste/,"LASG backs CreditPRO’s #EndPlasticPollution campaign to tackle 13,000 tonnes daily waste",waste Lagos,saved,full text
businessday-1042160,businessday,2025-10-31,https://businessday.ng/news/article/private-sector-collaboration-transforming-plastic-waste-into-wealth/,Private sector collaboration transforming plastic waste into wealth,waste Lagos,saved,full text
businessday-1042188,businessday,2025-10-31,https://businessday.ng/energy/article/lagos-secures-e120-million-funding-for-waste-to-energy-project-in-epe/,Lagos secures €120 million funding for waste-to-energy project in Epe,waste Lagos,saved,full text
businessday-1049887,businessday,2025-11-18,https://businessday.ng/pro/article/reimagining-waste-management-in-lagos-for-a-cleaner-urban-future/,Reimagining waste management in Lagos for a cleaner urban future,LAWMA;Lagos Waste Management Authority;refuse Lagos;waste Lagos,saved,full text
businessday-1051273,businessday,2025-11-22,https://businessday.ng/bd-weekender/article/transforming-trash-into-treasure-marjory-houlberts-vision-for-a-circular-economy-in-lagos/,Transforming Trash into Treasure: Marjory Houlbert’s vision for a circular economy in Lagos,waste Lagos,saved,full text
nannews-302421,nannews,2025-12-03,https://nannews.ng/waste-management-lagos-to-acquire-500-tricycle-compactors/,Waste management: Lagos to acquire 500 tricycle compactors,LAWMA;PSP operators;refuse Lagos;waste Lagos,saved,full text
businessday-1057466,businessday,2025-12-06,https://businessday.ng/news/article/lagos-to-acquire-100-new-cng-compactor-trucks-in-fresh-push-for-cleaner-city/,Lagos to acquire 100 new CNG compactor trucks in fresh push for cleaner city,LAWMA;Lagos Waste Management Authority;Olusosun;PSP operators;Solous;refuse Lagos;waste Lagos,saved,full text
businessday-1061534,businessday,2025-12-16,https://businessday.ng/news/article/stakeholders-push-for-circular-economy-transition-at-lagos-waste-forum/,Stakeholders push for circular economy transition at Lagos Waste Forum,LAWMA;Lagos Waste Management Authority;dumpsite Lagos;waste Lagos,saved,full text
businessday-1064093,businessday,2025-12-22,https://businessday.ng/news/article/foundation-distributes-food-items-to-female-lawma-workers/,Foundation distributes food items to female LAWMA workers,LAWMA;waste Lagos,saved,full text
businessday-1070597,businessday,2026-01-01,https://businessday.ng/life/article/how-lagosians-wrong-waste-disposal-habit-overburdens-lawma/,How Lagosians’ wrong waste disposal habit overburdens LAWMA,LAWMA;Lagos Waste Management Authority;PSP operators;dumpsite Lagos;refuse Lagos;waste Lagos,saved,full text
businessday-1068056,businessday,2026-01-04,https://businessday.ng/life/article/lawma-shows-commitment-to-environment-with-increased-activity-during-festivities/,LAWMA shows commitment to environment with increased activity during festivities,LAWMA;Lagos Waste Management Authority;Olusosun;PSP operators;dumpsite Lagos;waste Lagos,saved,full text
businessday-1069884,businessday,2026-01-08,https://businessday.ng/opinion/article/who-is-to-blame-as-refuse-heaps-dot-lagos-roads/,Who is to blame as refuse heaps dot Lagos roads?,LAWMA;Lagos Waste Management Authority;PSP operators;refuse Lagos;waste Lagos,saved,full text
businessday-1077727,businessday,2026-01-27,https://businessday.ng/news/article/lagos-takes-steps-to-unlock-economic-potential-in-waste-management/,Lagos takes steps to unlock economic potential in waste management,LAWMA;Lagos Waste Management Authority;PSP operators;waste Lagos,saved,full text
nannews-309069,nannews,2026-02-10,https://nannews.ng/waste-2-energy-lagos-launches-ikosi-market-anaerobic-digester/,Waste-2-Energy: Lagos launches Ikosi Market anaerobic digester,waste Lagos,saved,full text
businessday-1085553,businessday,2026-02-12,https://businessday.ng/news/article/lagos-launches-anaerobic-waste-digester-to-cut-food-waste/,Lagos launches anaerobic waste digester to cut food waste,waste Lagos,saved,full text
businessday-1088631,businessday,2026-02-18,https://businessday.ng/news/article/ce-fund-debuts-as-trade-exchange-seals-waste-to-value-partnerships/,CE Fund debuts as trade exchange seals waste-to-value partnerships,dumpsite Lagos;refuse Lagos;waste Lagos,saved,full text
nannews-310419,nannews,2026-02-19,https://nannews.ng/lawma-to-recruit-300-waste-officers-for-enforcement-md/,LAWMA to recruit 300 environmental officers for enforcement – MD,LAWMA;Lagos Waste Management Authority;PSP operators;refuse Lagos;waste Lagos,saved,full text
nannews-310436,nannews,2026-02-19,https://nannews.ng/nan-strategic-to-public-orientation-behavioural-change-lawma-md/,"NAN strategic to public orientation, behavioural change — LAWMA MD",LAWMA;Lagos Waste Management Authority;waste Lagos,saved,full text
nannews-310669,nannews,2026-02-20,https://nannews.ng/lawma-to-close-olusosun-solous-dumpsites-sanction-default-psp-operators/,"LAWMA to close Olusosun, Solous dumpsites, sanction default PSP operators",LAWMA;Lagos Waste Management Authority;Olusosun;PSP operators;Solous;dumpsite Lagos;waste Lagos,saved,full text
nannews-310674,nannews,2026-02-20,https://nannews.ng/lawma-reforms-boost-waste-collection-efficiency-md/,LAWMA reforms boost waste collection efficiency – MD,LAWMA;Lagos Waste Management Authority;Olusosun;Solous;dumpsite Lagos;waste Lagos,saved,full text
businessday-1095200,businessday,2026-03-03,https://businessday.ng/health/article/lagos-waste-management-failures-fan-air-pollution-concerns/,Lagos waste management failures fan air pollution concerns,Olusosun;Solous;dumpsite Lagos;refuse Lagos;waste Lagos,saved,full text
businessday-1096036,businessday,2026-03-04,https://businessday.ng/investigation/article/lagos-drowns-in-refuse-despite-billions-to-lawma/,Lagos drowns in refuse despite billions to LAWMA,LAWMA;Lagos Waste Management Authority;PSP operators;dumpsite Lagos;refuse Lagos;waste Lagos,saved,full text
businessday-1099181,businessday,2026-03-09,https://businessday.ng/news/article/iwd-lawma-honours-female-street-sanitation-workers/,IWD: LAWMA honours female street sanitation workers,LAWMA;Lagos Waste Management Authority;waste Lagos,saved,full text
businessday-1100445,businessday,2026-03-11,https://businessday.ng/news/article/sanitation-push-egbe-idimu-lcda-deploys-new-compactor-to-tackle-waste-challenge/,Sanitation Push: Egbe–Idimu LCDA deploys new compactor to tackle waste challenge,LAWMA;refuse Lagos;waste Lagos,saved,full text
businessday-1101458,businessday,2026-03-13,https://businessday.ng/news/article/sustainable-waste-management-in-focus-as-pewan-gathers-stakeholders/,Sustainable waste management in focus as PEWAN gathers stakeholders,LAWMA;Lagos Waste Management Authority;Olusosun;PSP operators;Solous;dumpsite Lagos;waste Lagos,saved,full text
businessday-1101609,businessday,2026-03-14,https://businessday.ng/bd-weekender/article/waste-to-wonder-how-ian-e-carson-is-reframing-sustainability-in-african-fashion/,Waste to Wonder: How IAN.E.CARSON is reframing sustainability in African fashion,waste Lagos,saved,full text
businessday-1101807,businessday,2026-03-14,https://businessday.ng/news/article/sanwo-olu-revives-monthly-environmental-sanitation-in-lagos/,Sanwo-Olu revives monthly environmental sanitation in Lagos,Lagos Waste Management Authority;refuse Lagos;waste Lagos,saved,full text
businessday-1102199,businessday,2026-03-15,https://businessday.ng/life/article/heaps-of-refuse-lawma-must-wake-up-to-its-responsibility/,Heaps of refuse: LAWMA must wake up to its responsibility,LAWMA;Lagos Waste Management Authority;Olusosun;PSP operators;refuse Lagos;waste Lagos,saved,full text
businessday-1103622,businessday,2026-03-19,https://businessday.ng/agriculture/article/circularity-africa-targets-marine-waste-with-grassroots-recycling-push/,Circularity Africa targets marine waste with grassroots recycling push,LAWMA;Lagos Waste Management Authority;waste Lagos,saved,full text
businessday-1104549,businessday,2026-03-20,https://businessday.ng/news/article/economy-environment-benefit-as-lagos-transitions-to-circular-waste-management-model/,"Economy, environment benefit as Lagos transitions to circular waste management model",LAWMA;Lagos Waste Management Authority;PSP operators;refuse Lagos;waste Lagos,saved,full text
businessday-1104901,businessday,2026-03-22,https://businessday.ng/life/article/mixed-reactions-greet-monthly-sanitation-reintroduction-in-lagos/,Mixed reactions greet monthly sanitation reintroduction in Lagos,LAWMA;Lagos Waste Management Authority;PSP operators;refuse Lagos;waste Lagos,saved,full text
businessday-1109028,businessday,2026-03-30,https://businessday.ng/news/article/nimepa-cleanup-highlights-waste-crisis-on-lagos-shoreline/,NIMEPA cleanup highlights waste crisis on Lagos shoreline,waste Lagos,saved,full text
businessday-1108852,businessday,2026-03-31,https://businessday.ng/opinion/article/green-hustles-the-new-economy-of-waste-recycling-in-lagos/,Green hustles: The new economy of waste recycling in Lagos,Lagos Waste Management Authority;dumpsite Lagos;waste Lagos,saved,full text
businessday-1109551,businessday,2026-03-31,https://businessday.ng/news/article/lagos-bets-on-councils-to-drive-monthly-sanitation-unveils-reward-for-top-performers/,"Lagos bets on councils to drive monthly sanitation, unveils reward for top-performers",Lagos Waste Management Authority;dumpsite Lagos;waste Lagos,saved,full text
businessday-1110421,businessday,2026-04-03,https://businessday.ng/transport/article/lagos-transport-unions-stops-commercial-vehicles-from-moving-during-monthly-sanitation-exercise/,Lagos transport unions stops commercial vehicles from moving during monthly sanitation exercise,waste Lagos,saved,full text
nannews-316414,nannews,2026-04-12,https://nannews.ng/how-lagos-recycled-405-17-tonnes-e-waste-in-2025/,How Lagos recycled 405.17 tonnes e-waste in 2025,LAWMA;Lagos Waste Management Authority;waste Lagos,saved,full text
businessday-1121242,businessday,2026-04-23,https://businessday.ng/news/article/lagos-monthly-sanitation-returns-residents-charged-to-participate-fully/,"Lagos monthly sanitation returns, residents charged to participate fully",LAWMA;dumpsite Lagos;refuse Lagos;waste Lagos,saved,full text
businessday-1122758,businessday,2026-04-26,https://businessday.ng/news/article/monthly-sanitation-sanwo-olu-hails-residents-warns-against-illegal-dumping-of-refuse/,"Monthly sanitation: Sanwo-Olu hails residents, warns against illegal dumping of refuse",refuse Lagos,saved,full text
nannews-319028,nannews,2026-05-01,https://nannews.ng/waste-managers-endorse-hamzat-for-2027-lagos-governorship/,Waste managers endorse Hamzat for 2027 Lagos governorship,waste Lagos,saved,full text
nannews-319268,nannews,2026-05-03,https://nannews.ng/lawma-withdraws-licences-of-5-underperforming-psp-operators/,LAWMA withdraws licences of 5 underperforming PSP operators,LAWMA;Lagos Waste Management Authority;PSP operators;waste Lagos,saved,full text
businessday-1131906,businessday,2026-05-14,https://businessday.ng/education/article/32-4-tonnes-of-waste-daily-threatens-unilags-environment-vc/,"32.4 tonnes of waste daily, threatens UNILAG’s environment—VC",waste Lagos,saved,full text
businessday-1137411,businessday,2026-05-24,https://businessday.ng/news/article/lagos-intensifies-push-for-circular-economy-expands-waste-to-energy-projects/,"Lagos intensifies push for circular economy, expands waste-to-energy projects",PSP operators;waste Lagos,saved,full text
businessday-1139911,businessday,2026-05-30,https://businessday.ng/news/article/lagos-bets-on-environmental-discipline-to-sustain-economic-growth/,Lagos bets on environmental discipline to sustain economic growth,refuse Lagos;waste Lagos,saved,full text
nannews-324034,nannews,2026-06-05,https://nannews.ng/wed-waste-pickers-seek-inclusion-in-nigerias-climate-policies/,WED: Waste pickers seek inclusion in Nigeria’s climate policies,dumpsite Lagos;waste Lagos,saved,full text
nannews-325712,nannews,2026-06-16,https://nannews.ng/day-of-african-child-students-demand-improved-facilities-security/,"Day of African Child: Students demand improved facilities, security",refuse Lagos;waste Lagos,saved,full text
businessday-1148861,businessday,2026-06-18,https://businessday.ng/uncategorized/article/lagos-sanwo-olu-orders-emergency-waste-evacuation-as-sanitation-crisis-brews/,Lagos: Sanwo-Olu orders emergency waste evacuation as sanitation crisis brews,LAWMA;Lagos Waste Management Authority;PSP operators;refuse Lagos;waste Lagos,saved,full text
nannews-326466,nannews,2026-06-21,https://nannews.ng/lagos-inaugurates-task-force-against-indiscriminate-waste-dumping/,Lagos inaugurates task force against indiscriminate waste dumping,Lagos Waste Management Authority;refuse Lagos;waste Lagos,saved,full text
businessday-1150257,businessday,2026-06-22,https://businessday.ng/opinion/article/lagos-is-sinking-in-waste-everyone-to-the-rescue/,Lagos is sinking in waste; everyone to the rescue!,dumpsite Lagos;refuse Lagos;waste Lagos,saved,full text
nannews-327280,nannews,2026-06-26,https://nannews.ng/lawma-intensifies-waste-evacuation-across-lagos/,LAWMA intensifies waste evacuation across Lagos,LAWMA;Lagos Waste Management Authority;waste Lagos,saved,full text
nannews-327503,nannews,2026-06-27,https://nannews.ng/lagos-intensifies-sanitation-enforcement-seals-defaulting-houses-in-kosofe/,"Lagos intensifies sanitation enforcement, seals defaulting houses in Kosofe",PSP operators;refuse Lagos;waste Lagos,saved,full text
nannews-327557,nannews,2026-06-27,https://nannews.ng/sanitation-compliance-improving-in-lagos-says-hos/,"Sanitation compliance improving in Lagos, says HoS",refuse Lagos;waste Lagos,saved,full text
nannews-327969,nannews,2026-06-30,https://nannews.ng/flooding-kosofe-council-boss-blames-indiscriminate-waste-disposal/,Flooding: Kosofe council boss blames indiscriminate waste disposal,refuse Lagos;waste Lagos,saved,full text
nannews-328118,nannews,2026-07-01,https://nannews.ng/lagos-steps-up-crackdown-on-illegal-waste-dumping-environmental-violations/,"Lagos steps up crackdown on illegal waste dumping, environmental violations",LAWMA;Lagos Waste Management Authority;PSP operators;refuse Lagos;waste Lagos,saved,full text
businessday-1156297,businessday,2026-07-05,https://businessday.ng/life/article/lagos-markets-roads-gutters-littered-with-waste-as-residents-shun-proper-disposal-channels/,"Lagos’ markets, roads, gutters littered with waste as residents shun proper disposal channels",LAWMA;Lagos Waste Management Authority;Olusosun;PSP operators;refuse Lagos;waste Lagos,saved,full text
nannews-329648,nannews,2026-07-10,https://nannews.ng/residents-commend-ongoing-waste-evacuation-in-lagos/,Residents commend ongoing waste evacuation in Lagos,refuse Lagos;waste Lagos,saved,full text
businessday-1159882,businessday,2026-07-12,https://businessday.ng/news/article/lagos-lawyer-to-spend-7-months-behind-bars-over-illegal-waste-disposal/,Lagos lawyer to spend 7 months behind bars over illegal waste disposal,refuse Lagos;waste Lagos,saved,full text
nannews-330449,nannews,2026-07-16,https://nannews.ng/stakeholders-blame-poor-planning-waste-for-recurring-lagos-floods/,"Stakeholders blame poor planning, waste for recurring Lagos floods",refuse Lagos;waste Lagos,saved,full text
nannews-330937,nannews,2026-07-19,https://nannews.ng/lawma-unveils-reforms-to-end-lagos-waste-backlog/,LAWMA unveils reforms to end Lagos waste backlog,LAWMA;Lagos Waste Management Authority;Olusosun;PSP operators;Solous;dumpsite Lagos;refuse Lagos;waste Lagos,saved,full text
businessday-1164260,businessday,2026-07-21,https://businessday.ng/brands-advertising/article/can-lagos-build-a-global-brand-amid-mounting-waste/,Can Lagos build a global brand amid mounting waste?,LAWMA;Lagos Waste Management Authority;PSP operators;dumpsite Lagos;refuse Lagos;waste Lagos,saved,full text
nannews-331858,nannews,2026-07-25,https://nannews.ng/lagos-urges-proper-waste-disposal-vows-to-address-psp-gaps/,"Lagos urges proper waste disposal, vows to address PSP gaps",PSP operators;refuse Lagos;waste Lagos,saved,full text
nannews-331863,nannews,2026-07-25,https://nannews.ng/lawma-assures-lagos-residents-of-improved-waste-collection/,LAWMA assures Lagos residents of improved waste collection,LAWMA;Lagos Waste Management Authority;Olusosun;PSP operators;dumpsite Lagos;refuse Lagos;waste Lagos,saved,full text
nannews-331969,nannews,2026-07-26,https://nannews.ng/sanitation-badagry-lg-appeals-for-more-psp-trucks/,Sanitation: Badagry LG appeals for more PSP trucks,LAWMA;Lagos Waste Management Authority;PSP operators;waste Lagos,saved,full text
businessday-1167325,businessday,2026-07-27,https://businessday.ng/news/article/sanwo-olu-wahab-urge-residents-to-embrace-clean-up-for-environment-sustenance/,"Sanwo-Olu, Wahab urge residents to embrace clean-up for environment sustenance",LAWMA;Lagos Waste Management Authority;Olusosun;PSP operators;refuse Lagos;waste Lagos,saved,full text
nannews-333909,nannews,2026-08-07,https://nannews.ng/fg-urges-lagos-residents-to-support-flood-mitigation-efforts/,FG urges Lagos residents to support flood mitigation efforts,Lagos Waste Management Authority;waste Lagos,saved,full text
nannews-334662,nannews,2026-08-13,https://nannews.ng/lagos-to-deploy-waste-marshals-against-indiscriminate-dumping/,Lagos to deploy Waste Marshals against indiscriminate dumping,LAWMA;Lagos Waste Management Authority;waste Lagos,saved,full text
nannews-336229,nannews,2026-08-23,https://nannews.ng/lagos-community-seeks-intervention-over-lingering-refuse/,Lagos community seeks intervention over lingering refuse,LAWMA;Lagos Waste Management Authority;refuse Lagos;waste Lagos,saved,full text
businessday-1184046,businessday,2026-08-29,https://businessday.ng/news/article/lagos-makes-new-investment-in-waste-mgt-deploys-220-compactor-trucks/,"Lagos makes new investment in waste mgt, deploys 220 compactor trucks",LAWMA;Lagos Waste Management Authority;Olusosun;PSP operators;dumpsite Lagos;refuse Lagos;waste Lagos,saved,full text
nannews-337107,nannews,2026-08-29,https://nannews.ng/lagos-bariga-lg-urge-residents-to-support-sanitation-efforts/,"Lagos, Bariga LG urge residents to support sanitation efforts",LAWMA;Lagos Waste Management Authority;refuse Lagos;waste Lagos,saved,full text
businessday-1185037,businessday,2026-08-31,https://businessday.ng/news/article/archbishop-martins-urges-govts-others-to-nurture-creation-denounce-all-forms-of-pollution/,"Archbishop Martins urges govts, others to nurture creation, denounce all forms of pollution",waste Lagos,saved,full text
nannews-338339,nannews,2026-09-08,https://nannews.ng/ngo-debunks-viral-video-claim-on-mushin-refuse-situation/,NGO debunks viral video claim on Mushin refuse situation,LAWMA;Lagos Waste Management Authority;refuse Lagos;waste Lagos,saved,full text
nannews-340322,nannews,2026-09-20,https://nannews.ng/food-waste/,"WCD: FABE advocates proper food waste disposal, sorting",Olusosun,saved,full text
businessday-1196814,businessday,2026-09-26,https://businessday.ng/news/article/lagos-waste-sanwo-olus-wife-urges-improved-sorting-to-ease-evacuation/,Lagos waste: Sanwo-Olu’s wife urges improved sorting to ease evacuation,PSP operators;dumpsite Lagos;refuse Lagos;waste Lagos,saved,full text
nannews-341735,nannews,2026-09-26,https://nannews.ng/lagos-tasks-residents-on-daily-sanitation/,Lagos tasks residents on daily sanitation,refuse Lagos,saved,full text
nannews-341742,nannews,2026-09-26,https://nannews.ng/irregular-waste-collection-frustrates-lagos-sanitation-efforts/,Irregular waste collection frustrates Lagos sanitation efforts,PSP operators;refuse Lagos;waste Lagos,saved,full text
nannews-341751,nannews,2026-09-26,https://nannews.ng/alimosho-lg-decentralises-monthly-environmental-sanitation-across-7-wards/,Alimosho LG decentralises monthly environmental sanitation across 7 wards,waste Lagos,saved,full text
